event_id,prog_id,event_class,event_title,event_venue,event_country,event_date,race_year,starters_count,finishers_count,finish_rate_pct,dnf_count,scorers_count,scoring_success_rate_pct,last_scoring_pos,zero_point_finishers,gap_1st_3rd_sec,gap_1st_10th_sec,gap_1st_30th_sec,gap_10th_30th_sec,gap_1st_last_scorer_sec,bike_pack1_size,winner_from_pack1_flag,top10_pack1_ratio_pct,scorers_pack1_ratio_pct,bike_expansion_ratio,bike_front_pack_retention,bike_solo_breakaway,swim_winner_deficit,swim_avg_pos_top10,swim_avg_pos_top30,swim_avg_pos_scorers,swim_weak_survivors_top30,swim_weak_scorers_count,swim_leader_survival_rate,swim_front_survivors,swim_dispersion_top30,bike_off_dispersion_top30,bike_off_dispersion_scorers,bike_gap_1st_10th,bike_gap_1st_30th,bike_move_up_count_top30,bike_move_up_count_scorers,run_dominance_top10,run_positions_gained_top10,run_positions_gained_top30,run_positions_gained_scorers,run_slowest_rank_top30,run_slowest_rank_scorers,run_gap_1st_10th,run_dominance_sec,run_winner_rank,run_fastest_deficit,rank_winner,rank_avg_top3,rank_avg_top10,rank_avg_top30,rank_avg_scorers,rank_upset_count_top30,rank_upset_count_scorers,rank_correlation,rank_volatility_top10,rank_volatility_scorers,rank_overperformers_top20,rank_winner_is_top_ranked,rank_podium_is_top_ranked
194875,673993,continental_cup,2025 Americas Triathlon Cup Manta,<NA>,Ecuador,2025-11-23,2025,0,0,,0,0,,,0,,,,,,0,0,,,,0,0,,,,,0,0,,0,,,,,,0,0,0,,,,,,,,,0.0,,,,,,0,0,,,,0,0,0
194207,674180,world_cup,2025 World Triathlon Cup Tongyeong,Tongyeong,"Korea, South",2025-11-15,2025,0,0,,0,0,,,0,,,,,,0,0,,,,0,0,,,,,0,0,,0,,,,,,0,0,0,,,,,,,,,0.0,,,,,,0,0,,,,0,0,0
194209,674185,world_cup,2025 World Triathlon Cup Miyazaki,Miyazaki,Japan,2025-11-09,2025,0,0,,0,0,,,0,,,,,,0,0,,,,0,0,,,,,0,0,,0,,,,,,0,0,0,,,,,,,,,0.0,,,,,,0,0,,,,0,0,0
194865,673633,continental_cup,2025 Americas Triathlon Cup Vina del Mar,Viña del Mar,Chile,2025-11-02,2025,0,0,,0,0,,,0,,,,,,0,0,,,,0,0,,,,,0,0,,0,,,,,,0,0,0,,,,,,,,,0.0,,,,,,0,0,,,,0,0,0
194206,673628,world_cup,2025 World Triathlon Cup Vina del Mar,Vina del Mar,Chile,2025-11-02,2025,0,0,,0,0,,,0,,,,,,0,0,,,,0,0,,,,,0,0,,0,,,,,,0,0,0,,,,,,,,,0.0,,,,,,0,0,,,,0,0,0
194273,673983,continental_cup,2025 Europe Triathlon Cup Alanya,Alanya,Türkiye,2025-10-25,2025,0,0,,0,0,,,0,,,,,,0,0,,,,0,0,,,,,0,0,,0,,,,,,0,0,0,,,,,,,,,0.0,,,,,,0,0,,,,0,0,0
194200,673862,world_cup,2025 World Triathlon Cup Brasil (location tbc),<NA>,Brazil,2025-10-25,2025,0,0,,0,0,,,0,,,,,,0,0,,,,0,0,,,,,0,0,,0,,,,,,0,0,0,,,,,,,,,0.0,,,,,,0,0,,,,0,0,0
194737,674368,continental_cup,2025 Asia Triathlon Cup Kota Kinabalu,Kota Kinabalu,Malaysia,2025-10-23,2025,0,0,,0,0,,,0,,,,,,0,0,,,,0,0,,,,,0,0,,0,,,,,,0,0,0,,,,,,,,,0.0,,,,,,0,0,,,,0,0,0
194997,676055,continental_cup,2025 Asia Triathlon Cup Chongqing,Changshou District,China,2025-10-18,2025,35,27,77.1,8,16,59.3,16,11,24,242,,,542,9,1,80.0,56.3,5.59,9,0,0.0,8.0,16.1,11.6,1,0,80.0,7,46.96,262.41,87.83,34.0,,3,3,8,0.1,-0.1,-0.3,27,19,209.0,17.0,1,0.0,44,70.0,163.3,302.9,224.6,19,16,0.82470317515016367,121.6,154.7,18,1,1
188992,674811,wtcs,2025 World Triathlon Championship Finals Wollongong,Wollongong,Australia,2025-10-15,2025,52,49,94.2,3,47,95.9,47,2,40,91,277,186,466,7,1,50.0,14.9,3.56,8,0,0.0,13.1,16.4,24.2,2,16,90.0,8,11.83,42.14,89.61,228.0,64.0,5,8,7,3.8,0.5,-1.0,47,47,90.0,20.0,3,58.0,1,5.0,9.1,25.0,34.5,17,27,0.5637279823678305,9.4,27.2,10,1,1
194905,673978,continental_cup,2025 Europe Triathlon Cup Tenerife - Santa Cruz,Tenerife - Santa Cruz,Spain,2025-10-12,2025,70,63,90.0,7,57,90.5,57,6,15,39,84,45,240,54,1,100.0,91.2,0.39,5,0,28.0,34.0,34.3,31.7,15,29,30.0,9,7.86,3.06,11.91,5.0,9.0,20,22,9,6.3,2.2,-1.4,35,60,45.0,7.0,1,0.0,146,246.7,252.6,331.5,400.9,29,50,0.54890194150368443,89.7,206.0,19,0,0
194317,673998,continental_cup,2025 Africa Triathlon Cup Kilifi,Kilifi,Kenya,2025-10-12,2025,30,23,76.7,7,10,43.5,10,13,10,187,,,187,6,1,60.0,60.0,1.98,10,0,10.0,6.7,12.7,6.7,0,0,90.0,8,380.19,753.54,52.35,152.0,,0,0,9,0.0,0.4,0.0,24,12,135.0,4.0,1,0.0,150,138.3,250.7,334.5,250.7,14,10,0.66565715841292816,171.3,171.3,14,0,0
194740,673973,continental_cup,2025 Asia Triathlon Cup Wuxi,Wuxi,China,2025-10-11,2025,0,0,,0,0,,,0,,,,,,0,0,,,,0,0,,,,,0,0,,0,,,,,,0,0,0,,,,,,,,,0.0,,,,,,0,0,,,,0,0,0
194272,673967,continental_cup,2025 Europe Triathlon Cup Ceuta,Ceuta,Spain,2025-10-05,2025,65,59,90.8,6,47,79.7,47,12,29,51,97,46,226,47,1,100.0,100.0,0.41,2,0,11.0,22.0,25.3,26.3,11,19,63.6,9,12.73,5.24,5.66,,,11,15,10,10.4,4.1,-1.2,32,56,45.0,9.0,1,0.0,260,439.3,507.7,495.1,546.5,20,33,0.30826045936077645,217.7,211.6,14,0,0
194205,674175,world_cup,2025 World Triathlon Cup Rome,Rome,Italy,2025-10-04,2025,59,58,98.3,1,53,91.4,53,5,2,16,74,58,229,37,1,100.0,69.8,1.1,4,0,24.0,22.5,23.3,28.2,9,23,60.0,11,11.55,12.68,39.89,5.0,11.0,11,13,9,9.2,1.8,-0.7,37,54,16.0,3.0,1,0.0,109,95.0,118.5,143.0,198.3,30,53,0.48783940472679566,54.3,139.2,20,0,0
194295,674353,continental_cup,2025 Africa Triathlon Cup and Pan-Arab Championships Hurghada,Hurghada,Egypt,2025-10-03,2025,42,35,83.3,7,25,71.4,25,10,35,71,395,324,186,26,1,100.0,100.0,4.39,4,0,2.0,17.7,19.5,16.6,5,1,70.0,10,18.07,79.24,6.19,,,11,11,10,7.0,-0.4,-0.6,33,31,63.0,26.0,1,0.0,285,225.0,301.5,379.0,372.2,24,22,0.37507524329800868,207.8,215.6,18,0,0
194743,673957,continental_cup,2025 Asia Triathlon Cup Yilan,Yilan,Chinese Taipei,2025-09-26,2025,57,56,98.2,1,25,44.6,25,31,27,115,297,182,197,10,1,90.0,40.0,3.26,9,0,7.0,6.6,18.1,14.8,4,2,100.0,12,16.58,53.99,31.16,8.0,172.0,2,2,8,1.4,0.3,-0.2,45,37,113.0,10.0,1,0.0,142,125.3,232.0,349.7,316.8,26,24,0.80026942687790115,150.9,197.9,19,0,1
194853,674137,wtcs,2025 World Triathlon Championship Series Weihai,Weihai,China,2025-09-26,2025,37,35,94.6,2,35,100.0,35,0,32,85,280,195,383,4,1,30.0,11.4,1.22,4,0,16.0,16.3,18.3,18.7,4,6,72.7,17,26.06,31.92,31.57,,85.0,5,5,8,7.0,1.6,-0.6,30,35,76.0,2.0,3,77.0,125,49.7,53.4,66.4,75.5,30,35,0.45719975047176054,48.6,62.1,20,0,1
194741,674345,continental_cup,2025 Asia Triathlon Cup Turkestan,Turkestan,Kazakhstan,2025-09-26,2025,20,18,90.0,2,16,88.9,16,2,37,161,,,476,7,1,60.0,43.8,5.38,7,0,32.0,6.6,9.3,8.6,0,0,100.0,4,28.56,153.77,100.51,102.0,,0,0,8,1.2,-0.1,0.0,18,17,57.0,8.0,3,108.0,141,204.0,272.8,361.3,356.9,16,14,0.49431727406422149,191.9,221.5,16,0,1
194294,673942,continental_cup,2025 Africa Triathlon Cup Taghazout,Taghazout,Morocco,2025-09-21,2025,50,47,94.0,3,36,76.6,36,11,16,37,191,154,254,25,1,90.0,69.4,4.15,7,0,18.0,11.0,15.8,18.9,3,8,100.0,27,6.98,28.99,61.77,8.0,,5,5,7,2.4,-1.1,-1.4,43,45,25.0,8.0,1,0.0,,,,,,0,0,,,,0,0,0
194744,674340,continental_cup,2025 Asia Triathlon Cup Gamagori,"Gamagori Chamber of Commerce and Industry, Gamagori Ryokuchi Pier Park",Japan,2025-09-20,2025,70,66,94.3,4,44,66.7,44,22,5,96,196,100,251,10,1,90.0,22.7,2.75,9,0,0.0,7.4,20.9,25.2,7,15,81.8,11,14.35,39.4,48.54,9.0,107.0,8,10,6,0.2,1.3,0.2,44,55,52.0,,1,4.0,,,,,,0,0,,,,0,0,0
194204,674170,world_cup,2025 World Triathlon Cup Valencia,<NA>,Spain,2025-09-20,2025,0,0,,0,0,,,0,,,,,,0,0,,,,0,0,,,,,0,0,,0,,,,,,0,0,0,,,,,,,,,0.0,,,,,,0,0,,,,0,0,0
194197,674127,wtcs,2025 World Triathlon Championship Series Karlovy Vary,Karlovy Vary,Czech Republic,2025-09-14,2025,51,36,70.6,15,34,94.4,34,2,24,79,248,169,437,3,1,30.0,8.8,1.39,7,0,8.0,12.7,21.9,22.6,9,11,80.0,10,25.46,35.41,64.18,43.0,172.0,13,13,8,1.6,-0.5,-0.5,34,35,77.0,19.0,7,167.0,7,4.0,17.3,51.1,66.0,22,26,0.60921672527921622,13.7,75.8,16,0,2
194442,673932,continental_cup,2025 Africa Triathlon Cup Oran,Oran,Algeria,2025-09-13,2025,23,23,100.0,0,16,69.6,16,7,36,75,,,238,9,1,60.0,56.3,5.67,6,0,7.0,9.7,11.5,9.1,0,0,100.0,12,15.73,89.13,40.15,55.0,,0,0,9,2.8,-0.1,-0.1,23,22,17.0,15.0,2,62.0,97,226.0,293.1,393.1,349.4,18,16,0.80025307339646434,148.6,186.3,16,1,1
194733,674335,continental_cup,2025 Asia Triathlon Cup Tokyo Uminomori,Tokyo Uminomori,Japan,2025-09-13,2025,0,0,,0,0,,,0,,,,,,0,0,,,,0,0,,,,,0,0,,0,,,,,,0,0,0,,,,,,,,,0.0,,,,,,0,0,,,,0,0,0
194873,673927,continental_cup,2025 Americas Triathlon Cup Santa Marta,<NA>,Colombia,2025-09-06,2025,0,0,,0,0,,,0,,,,,,0,0,,,,0,0,,,,,0,0,,0,,,,,,0,0,0,,,,,,,,,0.0,,,,,,0,0,,,,0,0,0
194732,673922,continental_cup,2025 Asia Triathlon Cup Cholpon-Ata,Cholpon-Ata,Kyrgyzstan,2025-09-06,2025,0,0,,0,0,,,0,,,,,,0,0,,,,0,0,,,,,0,0,,0,,,,,,0,0,0,,,,,,,,,0.0,,,,,,0,0,,,,0,0,0
194996,676011,wtcs,2025 World Triathlon Championship Series French Riviera,French Riviera,France,2025-08-31,2025,54,51,94.4,3,46,90.2,46,5,27,73,122,49,237,10,1,80.0,21.7,2.25,8,0,0.0,11.5,21.1,25.4,8,18,90.0,13,11.69,26.32,28.78,7.0,,5,7,5,3.2,1.6,-0.2,39,47,24.0,3.0,1,0.0,1,3.3,25.7,42.9,77.5,23,35,0.62121836789391549,47.1,92.0,14,1,2
194292,674315,continental_cup,2025 Africa Triathlon Cup Al Alamein,Al Alamein,Egypt,2025-08-16,2025,0,0,,0,0,,,0,,,,,,0,0,,,,0,0,,,,,0,0,,0,,,,,,0,0,0,,,,,,,,,0.0,,,,,,0,0,,,,0,0,0
194968,675220,continental_cup,2025 Americas Triathlon Cup Kelowna,Kelowna City Park,Canada,2025-08-09,2025,63,61,96.8,2,47,77.0,47,14,10,50,136,86,252,38,1,90.0,78.7,1.23,7,0,14.0,12.1,20.0,25.6,8,19,90.0,7,11.21,13.75,38.59,,,6,10,9,1.2,0.9,-0.8,37,58,47.0,6.0,1,0.0,154,87.3,112.9,316.7,381.3,29,36,0.82826809765645848,55.6,254.7,20,0,1
194891,674257,continental_cup,2025 Asia Triathlon Cup Kokshetau,Kokshetau,Kazakhstan,2025-07-27,2025,0,0,,0,0,,,0,,,,,,0,0,,,,0,0,,,,,0,0,,0,,,,,,0,0,0,,,,,,,,,0.0,,,,,,0,0,,,,0,0,0
194870,674270,continental_cup,2025 Americas Triathlon Cup Montreal,Parc Jean-Drapeau,Canada,2025-07-19,2025,70,66,94.3,4,51,77.3,51,15,17,51,108,57,247,42,1,100.0,78.4,0.39,6,0,10.0,19.0,25.2,27.5,11,21,45.5,10,11.79,4.55,35.21,,,14,16,9,5.7,2.4,-0.1,35,55,57.0,14.0,1,0.0,106,97.3,123.7,266.9,324.6,30,48,0.69138652540371226,53.3,194.9,20,0,1
194193,674119,wtcs,2025 World Triathlon Championship Series Hamburg,Hamburg,Germany,2025-07-12,2025,55,49,89.1,6,44,89.8,44,5,29,66,116,50,233,11,1,70.0,25.0,1.97,7,0,3.0,13.0,20.2,24.3,8,17,81.8,11,11.15,21.97,31.0,,39.0,8,10,8,2.5,-0.3,-0.8,38,49,34.0,7.0,1,0.0,2,50.3,30.3,39.0,49.6,22,31,0.35730228282215565,45.7,55.7,16,1,1
194916,673902,continental_cup,2025 Americas Triathlon Cup Magog,Magog,Canada,2025-07-12,2025,70,66,94.3,4,46,69.7,46,20,11,46,123,77,262,1,0,0.0,0.0,0.68,2,1,42.0,16.8,23.7,25.6,10,18,70.0,7,15.7,10.62,16.14,,45.0,12,15,10,8.2,3.2,-0.3,32,57,45.0,2.0,1,0.0,355,206.0,184.9,324.7,378.5,29,42,0.46117275373912558,98.9,234.9,19,0,1
194288,673897,continental_cup,2025 Africa Triathlon Premium Cup Larache,Larache,Morocco,2025-07-06,2025,62,50,80.6,12,36,72.0,36,14,15,78,197,119,266,4,1,30.0,11.1,1.63,7,0,9.0,15.5,22.4,25.2,10,15,81.8,9,22.83,37.21,50.76,74.0,,13,14,7,2.1,0.2,0.6,42,46,37.0,3.0,5,84.0,126,189.0,317.9,441.4,465.0,26,31,0.43512619646250139,196.1,232.4,18,0,0
194203,674165,world_cup,2025 World Triathlon Cup Tiszaujvaros,Tiszaujvaros,Hungary,2025-07-05,2025,71,67,94.4,4,59,88.1,59,8,32,64,,,245,3,0,0.0,5.1,1.6,4,0,3.0,17.6,26.9,30.8,11,29,70.0,4,18.98,30.34,37.67,,88.0,4,21,8,17.5,19.9,-1.7,46,60,9.0,2.0,2,92.0,5,54.7,87.3,136.1,223.6,30,56,0.62140326998237627,80.5,205.1,20,1,1
194287,673894,continental_cup,2025 Africa Triathlon Cup Lake Kivu,Lake Kivu,Rwanda,2025-07-05,2025,0,0,,0,0,,,0,,,,,,0,0,,,,0,0,,,,,0,0,,0,,,,,,0,0,0,,,,,,,,,0.0,,,,,,0,0,,,,0,0,0
194931,674160,world_cup,2025 World Triathlon Cup Saidia,Saïdia,Morocco,2025-06-29,2025,40,33,82.5,7,26,78.8,26,7,18,100,635,535,498,3,0,30.0,11.5,2.79,8,0,25.0,14.2,17.5,15.9,5,2,90.9,10,32.6,90.87,77.32,47.0,257.0,7,7,8,2.3,-0.4,-0.1,33,26,99.0,1.0,1,0.0,181,69.3,82.7,214.4,173.4,30,26,0.58120981154896545,58.2,187.8,20,0,1
194202,674151,world_cup,2025 World Triathlon Cup Huatulco,Bahía de Santa Cruz Huatulco,Mexico,2025-06-22,2025,49,45,91.8,4,35,77.8,35,10,18,52,150,98,255,1,1,10.0,2.9,1.0,4,1,0.0,18.4,19.1,19.7,5,8,72.7,11,9.86,9.84,37.37,,,9,9,8,5.9,-0.8,-0.7,35,38,4.0,6.0,9,52.0,99,140.7,134.2,169.4,177.5,30,35,0.45429014927600914,53.6,82.5,20,0,0
194726,673887,continental_cup,2025 Asia Triathlon Cup Gamagori,Gamagori,Japan,2025-06-22,2025,0,0,,0,0,,,0,,,,,,0,0,,,,0,0,,,,,0,0,,0,,,,,,0,0,0,,,,,,,,,0.0,,,,,,0,0,,,,0,0,0
194263,673882,continental_cup,2025 Europe Triathlon Premium Cup Holten,Holten,Netherlands,2025-06-21,2025,70,70,100.0,0,63,90.0,63,7,16,35,88,53,242,33,1,100.0,52.4,1.46,4,0,21.0,17.9,24.8,32.8,9,32,60.0,10,10.68,15.57,20.38,,,6,13,7,6.8,5.8,-1.0,41,66,31.0,12.0,1,0.0,169,167.7,199.1,248.3,348.2,30,58,0.4992960279801793,167.6,223.9,20,0,0
194260,673877,continental_cup,2025 Europe Triathlon Cup Wels,Wels,Austria,2025-06-14,2025,71,65,91.5,6,59,90.8,59,6,2,28,78,50,242,45,1,80.0,76.3,0.72,4,0,18.0,21.6,28.9,28.7,12,25,58.3,3,8.64,6.19,33.27,,,11,15,8,6.6,2.8,-3.7,29,60,26.0,7.0,1,0.0,156,174.3,216.6,300.2,359.4,30,57,0.55330998813538934,104.6,195.7,20,0,1
194725,673857,continental_cup,2025 Asia Triathlon Cup Taizhou,Jiangyan District,China,2025-06-14,2025,68,48,70.6,20,26,54.2,26,22,60,204,603,399,519,29,1,100.0,92.3,2.5,8,0,6.0,13.1,20.4,17.9,7,5,100.0,12,34.32,85.87,45.19,15.0,131.0,8,7,9,2.4,1.2,1.1,33,32,194.0,3.0,1,0.0,62,130.3,273.5,415.0,388.9,26,23,0.59528873945714667,201.2,252.3,19,0,1
194890,674133,continental_cup,2025 Asia Triathlon Cup Burabay, Burabay,Kazakhstan,2025-06-14,2025,39,38,97.4,1,27,71.1,27,11,24,150,711,561,453,7,0,60.0,25.9,2.66,7,0,81.0,11.3,15.6,14.3,2,0,100.0,9,37.47,99.65,38.39,,427.0,2,2,9,2.8,-0.4,0.2,36,34,143.0,4.0,1,0.0,100,395.0,290.7,333.3,330.6,27,25,0.52266786537909027,239.1,201.5,20,0,1
194258,673852,continental_cup,2025 Europe Triathlon Cup Rzeszow,Rzeszow,Poland,2025-06-07,2025,70,51,72.9,19,43,84.3,43,8,59,150,317,167,510,5,1,40.0,11.6,2.53,7,0,2.0,11.3,22.2,25.8,6,13,60.0,6,27.21,68.75,70.93,90.0,188.0,9,15,7,1.0,-2.5,-5.4,27,36,,34.0,4,86.0,172,199.3,286.2,359.4,414.2,29,42,0.45035586230563257,196.6,207.2,19,0,1
194257,673847,continental_cup,2025 Europe Triathlon Cup Kielce,Kielce,Poland,2025-06-01,2025,120,114,95.0,6,59,51.8,59,55,6,19,73,54,106,23,1,80.0,37.3,0.33,4,0,25.0,29.9,29.3,33.9,10,25,66.7,12,7.82,2.59,22.45,,26.0,13,16,8,4.3,-4.3,-5.1,44,55,24.0,,1,7.0,342,212.0,259.4,306.5,398.0,28,53,0.55745864165120473,146.3,186.2,19,0,0
194971,675539,wtcs,2025 World Triathlon Championship Series Alghero,Alghero,Italy,2025-05-31,2025,43,32,74.4,11,32,100.0,32,0,64,140,401,261,476,9,1,60.0,25.0,4.42,7,0,7.0,15.0,20.1,19.8,8,8,63.6,15,11.01,48.62,47.8,107.0,114.0,6,6,7,4.2,-0.9,-1.3,30,32,34.0,6.0,3,109.0,4,3.0,21.3,54.0,51.3,25,25,0.33833950610533176,20.3,56.8,15,0,3
194866,673736,continental_cup,2025 Americas Triathlon Cup Salinas,SALINAS,Ecuador,2025-05-31,2025,41,39,95.1,2,30,76.9,30,9,12,63,182,119,182,17,1,80.0,56.7,1.01,8,0,16.0,13.9,15.6,15.6,2,2,100.0,9,17.51,17.75,17.75,18.0,53.0,5,5,8,4.5,-1.0,-1.0,35,35,60.0,1.0,1,0.0,268,241.3,289.0,513.9,513.9,27,27,0.57311139344676643,88.4,243.2,18,0,1
194724,674229,continental_cup,2025 Asia Triathlon Cup Osaka Castle,Osaka Castle,Japan,2025-05-25,2025,72,65,90.3,7,48,73.8,48,17,18,62,140,78,259,2,0,20.0,4.2,1.32,5,0,21.0,22.2,20.6,25.5,8,17,90.0,4,14.53,19.18,43.27,,64.0,7,12,8,4.6,1.9,-0.4,40,57,58.0,8.0,1,0.0,38,88.3,164.3,253.5,332.4,29,41,0.59227512927446735,121.0,246.3,20,1,1
194255,673837,continental_cup,2025 Europe Triathlon Cup Olsztyn,Olsztyn,Poland,2025-05-24,2025,70,65,92.9,5,58,89.2,58,7,13,28,85,57,229,39,1,70.0,63.8,0.43,4,0,31.0,22.1,24.3,29.1,9,24,36.4,12,11.98,5.12,31.45,6.0,,12,18,7,6.4,0.6,-4.6,32,52,,7.0,1,0.0,305,263.0,255.1,313.6,394.8,28,52,0.54070832870239116,83.7,200.1,19,0,0
194215,674142,world_cup,2025 World Triathlon Cup Samarkand,Samarkand,Uzbekistan,2025-05-24,2025,60,54,90.0,6,45,83.3,45,9,25,94,264,170,491,5,0,20.0,11.1,1.14,6,0,71.0,21.9,20.2,26.4,8,19,100.0,8,32.85,37.41,77.57,,48.0,9,12,9,5.8,1.1,-0.4,39,48,96.0,15.0,1,0.0,28,99.7,123.5,148.7,185.7,30,45,0.443923973004777,68.4,135.5,20,0,0
194192,674074,wtcs,2025 World Triathlon Championship Series Yokohama,Yokohama,Japan,2025-05-17,2025,49,42,85.7,7,40,95.2,40,2,21,103,279,176,480,4,0,10.0,10.0,4.01,6,1,2.0,11.5,18.4,21.2,5,11,90.0,10,16.3,65.29,84.55,,,3,6,8,3.9,0.4,-0.9,37,42,100.0,6.0,1,0.0,6,7.3,15.9,41.1,51.8,24,34,0.60449287682087793,13.9,37.6,16,0,1
194867,673832,continental_cup,2025 Americas Triathlon Cup Ixtapa,"Boulevard Ixtapa ,Infront of Fontan Hotel",Mexico,2025-05-17,2025,67,61,91.0,6,39,63.9,39,22,12,70,191,121,267,17,1,90.0,43.6,1.35,7,0,11.0,14.8,22.5,24.2,10,14,81.8,3,18.24,24.64,25.58,,58.0,10,10,7,2.4,0.0,-0.5,41,49,17.0,2.0,1,0.0,213,192.3,387.4,479.1,509.0,24,27,0.56865192577236257,246.9,244.5,17,0,1
194723,673827,continental_cup,2025 Asia Triathlon Cup Lianyungang,Lianyungang,China,2025-05-17,2025,70,61,87.1,9,38,62.3,38,23,6,103,376,273,581,3,0,20.0,7.9,1.13,7,0,24.0,24.5,23.6,25.0,11,14,81.8,1,14.74,16.62,82.39,,55.0,13,15,9,3.2,0.2,-1.0,34,47,103.0,31.0,1,0.0,181,144.7,276.5,363.7,355.1,28,35,0.54567326377312253,180.2,236.7,19,0,0
194854,674111,world_cup,2025 World Triathlon Cup Chengdu,Chengdu,China,2025-05-10,2025,56,51,91.1,5,49,96.1,49,2,5,31,136,105,444,2,0,0.0,4.1,0.37,4,0,77.0,23.4,21.3,25.2,9,18,70.0,3,26.64,9.79,51.37,53.0,,10,13,10,11.1,2.4,-1.6,33,51,33.0,3.0,1,0.0,57,88.3,134.4,118.3,151.6,30,48,0.19669277371590416,92.3,140.9,20,0,0
194441,673822,continental_cup,2025 Africa Triathlon Cup Tipaza,C.E.T Complexe touristique,Algeria,2025-05-10,2025,38,32,84.2,6,26,81.3,26,6,4,36,512,476,216,1,0,10.0,3.8,5.89,8,0,17.0,12.0,16.6,15.2,3,1,100.0,11,14.31,84.28,30.4,16.0,325.0,8,8,9,3.1,-0.7,-0.8,31,26,51.0,3.0,1,0.0,719,524.0,370.3,532.7,522.2,23,21,0.63633568229122683,192.3,213.1,16,0,0
194722,674154,continental_cup,2025 Asia Triathlon Cup Subic Bay,Subic Bay Freeport Zone,Philippines,2025-05-03,2025,47,46,97.9,1,27,58.7,27,19,51,176,674,498,514,3,1,20.0,11.1,2.48,6,0,0.0,13.9,16.8,15.6,4,2,100.0,3,35.4,87.71,54.32,106.0,338.0,6,6,9,5.5,0.2,0.0,37,35,77.0,56.0,4,106.0,151,116.0,232.3,422.6,422.3,27,25,0.54968799276302593,139.6,230.8,18,0,1
194904,674212,continental_cup,2025 Asia Triathlon Cup and South Asian Championships Pokhara,Pokhara ,Nepal,2025-04-26,2025,30,18,60.0,12,8,44.4,8,10,17,274,,,246,7,1,70.0,87.5,2.89,9,0,33.0,5.8,10.1,5.4,0,0,91.7,2,58.46,169.08,32.92,177.0,,0,0,10,0.0,-0.1,-0.1,18,10,108.0,15.0,1,0.0,291,277.0,378.2,377.5,333.0,13,8,0.24452027652067354,212.7,175.7,13,0,0
194721,673697,continental_cup,2025 Asia Triathlon Cup Dexing,Dexing,China,2025-04-19,2025,69,59,85.5,10,31,52.5,31,28,24,125,507,382,520,2,0,20.0,6.5,2.78,8,0,61.0,18.9,24.7,25.2,12,13,60.0,6,32.3,89.71,93.0,,250.0,16,16,9,0.3,0.5,0.7,37,37,164.0,19.0,1,0.0,150,204.7,220.5,372.0,389.6,28,29,0.62027097281920529,102.5,258.2,20,0,0
194863,673290,continental_cup,2025 Americas Triathlon Cup and South Americas Triathlon Championships Santiago,"Piedra Roja, Colina",Chile,2025-04-05,2025,54,44,81.5,10,34,77.3,34,10,25,80,174,94,250,37,1,100.0,97.1,0.79,6,0,22.0,20.7,20.8,21.0,7,9,72.7,3,11.08,8.76,8.64,5.0,,10,11,9,4.1,1.5,0.7,32,39,78.0,7.0,1,0.0,78,113.3,216.9,315.5,344.4,27,30,0.6348243641837964,128.1,190.2,19,1,2
194948,674772,world_cup,2025 Supertri E World Triathlon Championships London,London Aquatics Centre in Queen Elizabeth Olympic Park,Great Britain,2025-04-05,2025,30,30,100.0,0,30,100.0,30,0,20,169,-544,-713,169,0,0,0.0,0.0,,0,0,,,,,0,0,,0,,,,,,0,0,0,,,,,,,,,0.0,37,73.0,197.7,232.5,232.5,29,29,0.40567764946249407,164.9,192.7,20,0,0
194252,671757,continental_cup,2025 Europe Triathlon Cup Quarteira,Quarteira,Portugal,2025-03-29,2025,70,66,94.3,4,59,89.4,59,7,11,45,174,129,472,2,0,10.0,3.4,2.14,6,0,31.0,21.1,21.6,31.2,8,30,80.0,20,11.12,23.81,63.7,,,9,13,9,3.7,2.7,-0.2,38,63,50.0,8.0,1,0.0,22,216.3,224.6,267.8,310.5,29,56,0.44324739331962815,199.3,211.8,20,0,0
194862,672520,continental_cup,2025 Americas Triathlon Cup Miami,Homestead Miami Speedway,United States,2025-03-28,2025,58,47,81.0,11,33,70.2,33,14,20,49,189,140,230,5,0,20.0,15.2,1.58,4,0,10.0,15.2,20.4,21.0,9,10,81.8,13,16.95,26.8,43.84,,94.0,9,10,8,6.0,-0.7,-0.4,42,42,49.0,17.0,1,0.0,70,126.3,156.5,293.4,299.0,30,33,0.7042986624906149,55.2,185.2,20,1,1
194861,672526,continental_cup,2025 Americas Triathlon Cup La Paz,"Kiosco del Malecon , La Paz B.C.S",Mexico,2025-03-22,2025,69,67,97.1,2,44,65.7,44,23,16,35,114,79,239,33,1,100.0,72.7,0.8,5,0,5.0,24.9,23.1,24.8,12,17,83.3,13,17.3,13.89,37.75,,18.0,8,10,10,8.1,1.3,0.4,37,53,24.0,,1,19.0,83,142.3,249.8,339.3,396.0,29,37,0.62103095484199633,137.5,237.1,19,0,0
194278,671750,continental_cup,2025 Africa Triathlon Cup Swakopmund,Swakopmund Mole ,Namibia,2025-03-22,2025,12,12,100.0,0,6,50.0,6,6,30,449,,,165,4,1,40.0,66.7,4.42,9,0,0.0,5.5,6.5,3.7,0,0,100.0,4,30.27,133.63,37.9,,,0,0,9,0.1,-0.1,0.0,12,7,230.0,20.0,1,0.0,,,,,,0,0,,,,0,0,0
194250,671148,continental_cup,2025 Europe Triathlon Cup Melilla,Melilla,Spain,2025-03-16,2025,0,0,,0,0,,,0,,,,,,0,0,,,,0,0,,,,,0,0,,0,,,,,,0,0,0,,,,,,,,,0.0,,,,,,0,0,,,,0,0,0
194276,671123,continental_cup,2025 Africa Triathlon Cup Troutbeck,Troutbeck Inn Resort,Zimbabwe,2025-03-08,2025,14,14,100.0,0,7,50.0,7,7,27,375,,,172,1,1,10.0,14.3,5.65,10,1,0.0,5.5,7.5,4.1,0,0,100.0,2,34.23,193.57,20.16,248.0,,0,0,8,-0.1,-0.1,-0.1,14,11,133.0,3.0,3,52.0,173,159.3,261.3,311.2,205.0,11,6,0.640458400180709,228.5,95.1,11,0,0
194198,671115,world_cup,2025 World Triathlon Cup Napier,Ahuriri ,New Zealand,2025-02-23,2025,35,34,97.1,1,32,94.1,32,2,3,31,178,147,237,31,1,100.0,96.9,2.13,7,0,3.0,14.1,16.2,16.8,3,4,100.0,18,8.64,18.37,17.79,4.0,14.0,6,7,9,4.6,-0.1,-1.1,32,34,27.0,6.0,2,11.0,195,103.0,78.2,167.9,187.6,29,31,0.628909383542909,66.5,149.5,19,0,0
194719,672511,continental_cup,2025 Asia Triathlon Cup Putrajaya,Putrajaya,Malaysia,2025-02-22,2025,65,59,90.8,6,26,44.1,26,33,62,146,273,127,251,9,1,90.0,34.6,2.82,9,0,10.0,8.5,17.8,15.2,6,3,100.0,12,20.47,57.8,53.8,105.0,122.0,4,4,5,1.3,0.8,1.1,36,32,28.0,28.0,1,0.0,192,170.3,165.0,329.4,284.7,29,25,0.76171491675921421,71.3,144.1,20,0,0
194857,672506,continental_cup,2025 Americas Triathlon Cup La Habana,Copa Américas de Triatlón ,Cuba,2025-02-16,2025,27,25,92.6,2,20,80.0,20,5,57,115,,,254,7,1,50.0,35.0,4.18,6,0,13.0,11.0,12.9,12.3,0,0,100.0,8,29.18,122.08,39.18,80.0,,0,0,8,3.7,-0.5,-0.3,25,21,117.0,2.0,5,80.0,642,419.7,420.6,423.8,413.3,19,18,0.014790347297269343,149.8,175.6,18,0,0
194757,672501,continental_cup,2025 Asia Triathlon Cup Chennai,"INS Adyar, Chennai",India,2025-02-16,2025,35,34,97.1,1,22,64.7,22,12,19,58,546,488,227,19,1,90.0,86.4,3.22,4,0,23.0,8.7,15.4,11.2,1,0,100.0,3,32.21,103.59,28.17,,324.0,3,3,8,4.7,-1.1,-1.1,32,28,59.0,5.0,1,0.0,362,350.7,300.4,417.4,405.6,21,20,0.68154512103643927,117.7,181.2,19,0,0
194195,671089,wtcs,2025 World Triathlon Championship Series Abu Dhabi,Abu Dhabi,United Arab Emirates,2025-02-15,2025,47,45,95.7,2,40,88.9,40,5,18,43,105,62,216,23,1,90.0,57.5,2.26,4,0,29.0,17.3,18.8,20.6,7,11,81.8,6,9.03,20.38,32.0,,51.0,6,7,6,7.9,0.4,-0.5,36,46,36.0,8.0,2,46.0,1,6.3,30.2,51.5,69.5,22,28,0.41972791176661284,24.2,79.6,16,1,1
184664,635354,continental_cup,2024 Asia Triathlon Cup Shenzhen,Shenzhen,China,2024-11-30,2024,0,0,,0,0,,,0,,,,,,0,0,,,,0,0,,,,,0,0,,0,,,,,,0,0,0,,,,,,,,,0.0,,,,,,0,0,,,,0,0,0
184717,635338,continental_cup,2024 Africa Triathlon Cup Kilifi,Kilifi,Kenya,2024-11-24,2024,19,17,89.5,2,5,29.4,5,12,,,,,,1,0,10.0,20.0,3.01,5,0,,4.7,8.4,1.5,0,0,90.0,2,156.13,469.25,9.9,,,0,0,9,-3.0,-3.0,,17,5,376.0,42.0,1,0.0,,,,,,0,0,,,,0,0,0
184820,635362,continental_cup,2024 Americas Triathlon Cup Manta,Manta,Ecuador,2024-11-17,2024,33,28,84.8,5,20,71.4,20,8,20,138,,,231,8,1,70.0,40.0,4.48,9,0,1.0,6.5,14.3,11.3,1,0,100.0,15,21.84,97.91,48.23,97.0,,0,0,8,0.4,-0.5,0.2,28,25,48.0,11.0,1,0.0,,,,,,0,0,,,,0,0,0
183776,635205,world_cup,2024 World Triathlon Cup Brasilia,Brasilia,Brazil,2024-11-09,2024,43,42,97.7,1,32,76.2,32,10,35,78,217,139,254,31,1,100.0,93.8,3.12,8,0,19.0,11.3,17.1,17.6,4,5,100.0,21,7.01,21.85,29.7,,24.0,6,6,10,1.0,0.4,0.2,37,39,66.0,32.0,1,0.0,,,,,,0,0,,,,0,0,0
183778,635371,world_cup,2024 World Triathlon Cup Miyazaki,Miyazaki,Japan,2024-11-09,2024,42,37,88.1,5,26,70.3,26,11,20,50,330,280,240,16,1,100.0,61.5,4.9,8,0,12.0,7.8,17.6,16.5,7,5,100.0,18,13.48,66.12,37.73,4.0,188.0,5,5,8,0.5,-0.2,-0.3,31,28,55.0,11.0,1,0.0,,,,,,0,0,,,,0,0,0
184821,635381,continental_cup,2024 Americas Triathlon Premium Cup Viña del Mar,Viña del Mar,Chile,2024-11-03,2024,42,40,95.2,2,30,75.0,30,10,33,110,246,136,246,3,1,30.0,10.0,1.79,5,0,4.0,14.5,17.0,17.0,4,4,90.0,5,19.72,35.21,35.21,72.0,172.0,7,7,9,5.2,-0.6,-0.6,37,37,36.0,14.0,1,0.0,,,,,,0,0,,,,0,0,0
184663,635386,continental_cup,2024 Asia Triathlon Cup Kota Kinabalu,Kota Kinabalu,Malaysia,2024-11-02,2024,40,40,100.0,0,26,65.0,26,14,19,60,309,249,237,7,1,70.0,26.9,2.97,7,0,3.0,6.4,15.7,13.8,2,1,100.0,10,16.19,48.01,40.23,67.0,,3,3,6,2.1,-0.4,-0.3,35,33,59.0,7.0,5,72.0,,,,,,0,0,,,,0,0,0
183777,635391,world_cup,2024 World Triathlon Cup Vina del Mar,Vina del Mar,Chile,2024-11-02,2024,0,0,,0,0,,,0,,,,,,0,0,,,,0,0,,,,,0,0,,0,,,,,,0,0,0,,,,,,,,,0.0,,,,,,0,0,,,,0,0,0
184452,635199,continental_cup,2024 Europe Triathlon Cup Alanya,Alanya,Türkiye,2024-10-27,2024,70,67,95.7,3,60,89.6,60,7,7,22,60,38,231,54,1,100.0,86.7,0.36,4,0,28.0,15.4,26.4,32.1,13,32,70.0,16,10.7,3.83,30.61,5.0,,15,25,9,17.3,7.5,-1.1,30,62,14.0,1.0,1,0.0,,,,,,0,0,,,,0,0,0
185646,631878,world_cup,2024 World Triathlon Cup Tongyeong,Tongyeong,"Korea, South",2024-10-26,2024,49,35,71.4,14,33,94.3,33,2,72,151,388,237,498,2,1,20.0,6.1,1.91,5,0,1.0,21.8,20.5,20.4,7,8,72.7,8,24.67,47.19,45.2,,,9,10,8,5.8,-0.0,-0.6,31,34,39.0,29.0,15,184.0,,,,,,0,0,,,,0,0,0
184662,635194,continental_cup,2024 Asia Triathlon Cup Xiamen,Xiamen,China,2024-10-26,2024,0,0,,0,0,,,0,,,,,,0,0,,,,0,0,,,,,0,0,,0,,,,,,0,0,0,,,,,,,,,0.0,,,,,,0,0,,,,0,0,0
184661,635174,continental_cup,2024 Asia Triathlon Cup Wuxi,Wuxi,China,2024-10-26,2024,58,58,100.0,0,37,63.8,37,21,5,25,174,149,257,22,1,100.0,56.8,3.86,8,0,38.0,20.0,21.2,22.5,7,10,80.0,9,12.15,46.85,52.47,5.0,,10,10,9,2.9,0.5,0.7,41,43,24.0,2.0,1,0.0,,,,,,0,0,,,,0,0,0
184713,635179,continental_cup,2024 Africa Triathlon Cup La Perle de Lac Tunis,La Perle de Lac Tunis,Tunisia,2024-10-20,2024,0,0,,0,0,,,0,,,,,,0,0,,,,0,0,,,,,0,0,,0,,,,,,0,0,0,,,,,,,,,0.0,,,,,,0,0,,,,0,0,0
183767,635630,wtcs,2024 World Triathlon Championship Finals Torremolinos-Andalucia,Torremolinos,Spain,2024-10-17,2024,59,49,83.1,10,47,95.9,47,2,88,129,289,160,420,6,1,40.0,12.8,5.09,7,0,13.0,19.2,17.9,26.4,5,20,83.3,25,8.7,44.28,70.61,249.0,,7,12,7,4.8,0.3,-0.9,44,49,42.0,30.0,3,172.0,,,,,,0,0,,,,0,0,0
186128,636216,continental_cup,2024 Asia Triathlon Cup Hong Kong,Hong Kong,Hong Kong China,2024-10-13,2024,30,21,70.0,9,13,61.9,13,8,92,174,,,263,3,1,30.0,23.1,3.07,10,0,8.0,6.3,11.2,7.8,0,0,100.0,2,29.55,90.71,53.34,,,0,0,10,-0.2,-0.1,-0.2,21,13,62.0,8.0,6,116.0,,,,,,0,0,,,,0,0,0
183775,635169,world_cup,2024 World Triathlon Cup Tangier,Tangier,Morocco,2024-10-12,2024,0,0,,0,0,,,0,,,,,,0,0,,,,0,0,,,,,0,0,,0,,,,,,0,0,0,,,,,,,,,0.0,,,,,,0,0,,,,0,0,0
183775,635167,world_cup,2024 World Triathlon Cup Tangier,Tangier,Morocco,2024-10-12,2024,0,0,,0,0,,,0,,,,,,0,0,,,,0,0,,,,,0,0,,0,,,,,,0,0,0,,,,,,,,,0.0,,,,,,0,0,,,,0,0,0
184450,635212,continental_cup,2024 Europe Triathlon Cup Ceuta,Ceuta,Spain,2024-10-06,2024,70,68,97.1,2,61,89.7,61,7,29,71,116,45,254,15,1,70.0,24.6,2.03,5,0,3.0,11.9,26.5,33.2,13,34,80.0,17,14.23,28.83,26.11,,,11,20,7,8.4,7.4,-0.5,44,65,3.0,2.0,3,6.0,,,,,,0,0,,,,0,0,0
183774,635343,world_cup,2024 World Triathlon Cup Rome,Rome,Italy,2024-10-05,2024,62,53,85.5,9,49,92.5,49,4,7,36,118,82,253,18,1,90.0,36.7,1.39,8,0,31.0,18.2,21.6,29.5,8,23,80.0,9,14.88,20.7,49.31,12.0,55.0,10,16,8,1.6,-0.4,-0.7,46,51,5.0,5.0,2,52.0,,,,,,0,0,,,,0,0,0
184745,635333,continental_cup,2024 Asia Triathlon Cup Turkestan,Turkestan,Kazakhstan,2024-09-28,2024,16,11,68.8,5,7,63.6,7,4,9,732,,,356,5,1,50.0,71.4,3.44,9,0,48.0,6.2,6.8,5.0,0,0,80.0,3,59.61,204.95,84.49,475.0,,0,0,9,0.1,0.0,0.0,11,9,257.0,46.0,2,177.0,,,,,,0,0,,,,0,0,0
184832,635143,wtcs,2024 World Triathlon Championship Series Weihai,Weihai,China,2024-09-27,2024,42,35,83.3,7,35,100.0,35,0,57,141,362,221,515,11,1,80.0,28.6,3.46,8,0,8.0,10.6,18.2,19.0,6,8,81.8,17,20.6,71.18,72.61,5.0,,3,3,5,1.9,0.4,-0.7,30,35,58.0,15.0,1,0.0,,,,,,0,0,,,,0,0,0
184744,635119,continental_cup,2024 Asia Triathlon Cup Tokyo Uminomori,Tokyo,Japan,2024-09-23,2024,56,36,64.3,20,31,86.1,31,5,111,225,485,260,506,1,1,10.0,3.2,1.72,7,1,0.0,13.9,19.1,19.4,7,7,92.3,6,37.33,64.36,65.04,161.0,261.0,9,9,9,3.2,-0.4,-0.3,33,33,61.0,1.0,5,162.0,,,,,,0,0,,,,0,0,0
184712,635114,continental_cup,2024 Africa Triathlon Cup Saidia,Saidia,Morocco,2024-09-22,2024,28,21,75.0,7,20,95.2,20,1,24,188,,,484,11,1,90.0,55.0,4.88,8,0,13.0,7.9,11.3,10.9,0,0,90.0,9,14.07,68.67,67.96,,,0,0,8,0.7,-0.7,-0.5,20,19,193.0,18.0,1,0.0,,,,,,0,0,,,,0,0,0
184819,634901,continental_cup,2024 Americas Triathlon Cup Montreal,Montreal,Canada,2024-09-14,2024,0,0,,0,0,,,0,,,,,,0,0,,,,0,0,,,,,0,0,,0,,,,,,0,0,0,,,,,,,,,0.0,,,,,,0,0,,,,0,0,0
186543,639028,continental_cup,2024 Asia Triathlon Cup Cholpon-Ata,Cholpon-Ata,Kyrgyzstan,2024-09-14,2024,24,23,95.8,1,12,52.2,12,11,23,144,,,207,5,1,50.0,41.7,4.86,7,0,11.0,6.2,12.4,6.6,0,0,100.0,5,36.95,179.62,29.48,61.0,,0,0,7,1.1,0.4,0.1,24,19,87.0,36.0,2,62.0,,,,,,0,0,,,,0,0,0
183773,631873,world_cup,2024 World Triathlon Cup Valencia,Valencia,Spain,2024-09-14,2024,65,58,89.2,7,52,89.7,52,6,17,33,95,62,233,35,1,100.0,65.4,0.92,6,0,24.0,22.4,23.7,29.8,10,26,50.0,6,11.49,10.56,39.72,,13.0,13,19,8,6.8,0.6,-0.8,38,57,31.0,9.0,1,0.0,,,,,,0,0,,,,0,0,0
188889,650220,continental_cup,2024 Asia Triathlon Cup Wuhan,Wuhan,China,2024-09-14,2024,51,46,90.2,5,30,65.2,30,16,17,62,242,180,242,36,1,100.0,96.7,1.97,6,0,49.0,20.6,20.9,20.9,8,8,70.0,5,12.5,24.68,24.68,6.0,,11,11,10,5.3,-0.1,-0.1,40,40,56.0,1.0,1,0.0,,,,,,0,0,,,,0,0,0
184710,634919,continental_cup,2024 Africa Triathlon Cup Monastir,Monastir,Tunisia,2024-09-08,2024,15,11,73.3,4,9,81.8,9,2,52,288,,,149,9,1,90.0,88.9,9.81,10,0,3.0,5.7,6.1,5.7,0,0,90.9,8,12.52,122.82,14.37,46.0,,0,0,9,-0.3,-0.3,-0.1,11,9,283.0,19.0,1,0.0,,,,,,0,0,,,,0,0,0
183772,634896,world_cup,2024 World Triathlon Cup Karlovy Vary,Karlovy Vary,Czech Republic,2024-09-08,2024,52,44,84.6,8,38,86.4,38,6,25,77,349,272,545,1,0,10.0,2.6,2.11,6,0,9.0,14.4,22.0,24.7,8,14,90.0,9,27.48,57.94,95.61,,148.0,7,9,7,2.6,0.5,0.0,37,40,77.0,23.0,2,149.0,,,,,,0,0,,,,0,0,0
184817,634906,continental_cup,2024 Americas Triathlon Cup Santa Marta,Santa Marta,Colombia,2024-09-07,2024,59,55,93.2,4,29,52.7,29,26,4,94,232,138,225,12,1,80.0,41.4,2.1,8,1,2.0,12.1,21.5,21.1,9,8,72.7,12,17.4,36.49,36.61,3.0,,6,6,8,2.2,0.9,1.0,33,33,96.0,4.0,1,0.0,,,,,,0,0,,,,0,0,0
186127,636192,continental_cup,2024 Asia Triathlon Cup Yilan,Yilan,Chinese Taipei,2024-09-07,2024,38,29,76.3,9,21,72.4,21,8,41,122,,,486,4,0,30.0,19.0,4.76,7,0,71.0,10.1,15.6,11.8,1,0,100.0,1,35.47,168.82,87.23,93.0,,2,2,8,1.9,-0.2,-0.0,29,28,198.0,39.0,1,0.0,,,,,,0,0,,,,0,0,0
185804,634886,continental_cup,2024 Europe Triathlon Cup Istanbul,Istanbul,Turkey,2024-08-31,2024,48,34,70.8,14,32,94.1,32,2,11,86,334,248,478,26,1,100.0,78.1,2.41,5,0,38.0,14.0,18.9,19.2,6,6,81.8,12,20.86,50.33,52.14,,,4,4,10,4.8,-0.1,-0.5,31,33,84.0,4.0,1,0.0,,,,,,0,0,,,,0,0,0
184816,634797,continental_cup,2024 Americas Triathlon Cup Edmonton,Edmonton,Canada,2024-08-24,2024,35,35,100.0,0,22,62.9,22,13,4,78,503,425,228,1,0,10.0,4.5,5.7,8,1,0.0,5.2,14.8,10.9,2,0,100.0,24,15.77,89.94,34.26,,,0,0,10,0.8,0.1,0.4,35,23,78.0,9.0,1,0.0,,,,,,0,0,,,,0,0,0
184813,634423,continental_cup,2024 Americas Triathlon Cup Riohacha,Riohacha,Colombia,2024-08-18,2024,0,0,,0,0,,,0,,,,,,0,0,,,,0,0,,,,,0,0,,0,,,,,,0,0,0,,,,,,,,,0.0,,,,,,0,0,,,,0,0,0
184809,634149,continental_cup,2024 Americas Triathlon Cup and Central America Caribbean Championships Punta Cana,Punta Cana,Dominican Republic,2024-08-10,2024,66,56,84.8,10,35,62.5,35,21,30,74,207,133,260,2,1,10.0,5.7,1.68,6,0,67.0,17.8,16.9,19.1,5,7,100.0,1,16.04,26.98,32.2,98.0,118.0,5,6,9,4.3,0.5,-0.3,39,44,21.0,15.0,13,98.0,,,,,,0,0,,,,0,0,0
184434,634338,continental_cup,2024 Europe Triathlon Cup Cork,Cork,Ireland,2024-07-14,2024,50,46,92.0,4,41,89.1,41,5,3,29,82,53,147,42,1,100.0,100.0,0.59,4,0,14.0,16.0,21.1,22.3,10,13,80.0,16,8.14,4.83,4.86,8.0,,8,10,8,10.9,2.3,-0.6,31,45,28.0,6.0,3,17.0,,,,,,0,0,,,,0,0,0
183765,627964,wtcs,2024 World Triathlon Championship Series Hamburg,Hamburg,Germany,2024-07-13,2024,57,50,87.7,7,50,100.0,50,0,7,38,110,72,231,28,1,100.0,56.0,2.8,4,0,4.0,11.1,18.3,26.0,4,18,90.9,17,7.44,20.84,48.41,4.0,71.0,11,13,7,7.9,-0.8,-1.0,49,50,37.0,9.0,1,0.0,,,,,,0,0,,,,0,0,0
184811,634330,continental_cup,2024 Americas Triathlon Cup Magog,Magog,Canada,2024-07-13,2024,64,61,95.3,3,38,62.3,38,23,8,60,173,113,245,1,0,0.0,2.6,1.65,8,1,23.0,18.6,20.7,24.4,10,16,90.0,8,16.09,26.59,39.92,,86.0,11,13,8,1.8,0.3,0.9,40,42,64.0,,1,85.0,,,,,,0,0,,,,0,0,0
184708,634262,continental_cup,2024 Africa Triathlon Premium Cup Larache,Larache,Morocco,2024-07-07,2024,40,36,90.0,4,31,86.1,31,5,17,118,260,142,261,11,1,100.0,35.5,2.74,9,0,9.0,7.5,15.3,15.5,1,1,100.0,12,19.39,53.13,52.69,31.0,151.0,2,2,5,0.5,0.2,-0.1,36,36,129.0,13.0,1,0.0,,,,,,0,0,,,,0,0,0
184743,634267,continental_cup,2024 Asia Triathlon Cup Sendai,Sendai,Japan,2024-07-07,2024,0,0,,0,0,,,0,,,,,,0,0,,,,0,0,,,,,0,0,,0,,,,,,0,0,0,,,,,,,,,0.0,,,,,,0,0,,,,0,0,0
186541,638994,continental_cup,2024 Asia Triathlon Cup Kokshetau,Kokshetau,Kazakhstan,2024-07-06,2024,36,29,80.6,7,24,82.8,24,5,15,196,,,482,9,1,70.0,33.3,4.65,7,0,35.0,8.7,15.5,13.3,0,0,90.9,1,38.01,176.64,88.21,144.0,645.0,0,0,8,2.1,-0.1,-0.4,31,30,40.0,26.0,3,163.0,,,,,,0,0,,,,0,0,0
184831,634254,world_cup,2024 World Triathlon Cup Tiszaujvaros,Tiszaujvaros,Hungary,2024-07-06,2024,65,60,92.3,5,57,95.0,59,3,14,50,,,232,1,0,0.0,1.8,1.96,0,1,4.0,9.4,22.0,30.0,9,27,100.0,12,16.08,31.52,35.73,78.0,,0,22,7,24.9,24.1,-1.2,57,58,48.0,2.0,1,0.0,,,,,,0,0,,,,0,0,0
184426,634222,continental_cup,2024 Europe Triathlon Premium Cup Holten,Holten,Netherlands,2024-06-29,2024,68,64,94.1,4,51,79.7,51,13,10,69,119,50,224,3,1,20.0,5.9,1.06,6,0,4.0,17.6,22.1,28.7,9,22,90.0,10,15.56,16.53,16.05,,,10,18,8,3.4,2.5,-0.3,30,58,13.0,19.0,6,61.0,,,,,,0,0,,,,0,0,0
184742,634217,continental_cup,2024 Asia Triathlon Cup Gamagori,Gamagori,Japan,2024-06-23,2024,70,62,88.6,8,36,58.1,36,26,24,86,213,127,264,17,1,100.0,44.4,3.86,7,0,24.0,13.3,20.7,22.4,7,10,90.0,4,12.95,50.0,51.65,8.0,,9,11,7,1.5,0.7,0.1,52,52,90.0,18.0,1,0.0,,,,,,0,0,,,,0,0,0
184424,634125,continental_cup,2024 Europe Triathlon Cup Wels,Wels,Austria,2024-06-22,2024,70,58,82.9,12,51,87.9,51,7,9,38,97,59,263,37,1,100.0,72.5,0.32,6,0,39.0,21.7,21.3,27.9,11,23,90.0,8,13.58,4.33,43.58,14.0,,10,14,10,5.0,0.4,-0.9,34,52,33.0,3.0,1,0.0,,,,,,0,0,,,,0,0,0
184422,634022,continental_cup,2024 Europe Triathlon Cup Kitzbuhel,Kitzbühel,Austria,2024-06-14,2024,71,67,94.4,4,43,64.2,43,24,20,35,,,151,39,1,100.0,83.7,0.66,8,0,15.0,8.5,23.5,25.6,11,16,100.0,11,11.53,7.55,23.02,,,10,10,7,1.2,-1.4,-0.8,37,50,35.0,11.0,1,0.0,,,,,,0,0,,,,0,0,0
184806,633610,continental_cup,2024 Americas Triathlon Cup Ixtapa,Ixtapa,Mexico,2024-06-08,2024,70,63,90.0,7,38,60.3,38,25,18,81,158,77,249,27,1,100.0,68.4,1.72,3,0,16.0,17.8,21.5,24.0,9,14,80.0,14,13.27,22.76,33.44,19.0,69.0,10,12,9,8.4,2.0,0.0,37,48,85.0,19.0,1,0.0,,,,,,0,0,,,,0,0,0
184420,633644,continental_cup,2024 Europe Triathlon Cup Rzeszów,Rzeszów,Poland,2024-06-07,2024,59,54,91.5,5,38,70.4,38,16,38,84,207,123,255,2,1,20.0,5.3,2.14,7,0,2.0,19.6,22.4,24.2,10,15,70.0,9,16.57,35.49,35.5,59.0,,9,12,9,2.1,1.5,0.2,45,48,32.0,2.0,5,94.0,,,,,,0,0,,,,0,0,0
184419,633615,continental_cup,2024 Europe Triathlon Cup Kielce,Kielce,Poland,2024-06-02,2024,104,101,97.1,3,47,46.5,48,54,3,21,120,99,106,11,1,100.0,23.4,3.58,9,1,6.0,11.6,28.1,29.0,13,21,66.7,14,6.96,24.91,25.46,,,12,13,6,-0.5,2.4,0.1,61,73,18.0,,4,37.0,,,,,,0,0,,,,0,0,0
186520,641046,continental_cup,2024 Europe Triathlon Cup Vigo,Vigo,Spain,2024-06-01,2024,64,58,90.6,6,41,70.7,41,17,18,67,181,114,259,12,1,80.0,26.8,2.47,8,0,1.0,9.2,23.8,27.8,9,17,90.0,9,17.15,42.43,44.09,,,9,13,6,1.0,1.6,-0.3,38,48,66.0,9.0,1,0.0,,,,,,0,0,,,,0,0,0
186126,636185,continental_cup,2024 Asia Triathlon Cup Osaka,Osaka City,Japan,2024-05-26,2024,70,68,97.1,2,36,52.9,36,32,22,55,184,129,247,32,1,100.0,88.9,0.28,7,0,26.0,20.8,20.2,23.6,8,12,81.8,7,16.65,4.69,47.51,7.0,15.0,9,13,9,3.8,-0.6,-0.4,51,59,59.0,13.0,1,0.0,,,,,,0,0,,,,0,0,0
184415,631883,continental_cup,2024 Europe Triathlon Cup Olsztyn,Olsztyn,Poland,2024-05-25,2024,70,61,87.1,9,53,86.9,53,8,7,40,121,81,244,12,1,90.0,22.6,2.56,9,0,7.0,9.7,20.1,26.1,6,19,70.0,8,11.32,29.03,43.79,9.0,67.0,6,11,4,0.6,-0.3,-3.9,27,50,32.0,13.0,3,60.0,,,,,,0,0,,,,0,0,0
183764,627959,wtcs,2024 World Triathlon Championship Series Cagliari,Cagliari,Italy,2024-05-25,2024,61,49,80.3,12,46,93.9,46,3,43,83,277,194,476,18,1,100.0,37.0,5.05,6,0,13.0,14.9,23.0,27.3,10,19,60.0,15,11.95,60.34,87.67,0.0,,11,16,7,2.3,0.8,-0.6,40,48,77.0,1.0,1,0.0,,,,,,0,0,,,,0,0,0
187319,644264,continental_cup,2024 Asia Triathlon Cup Burabay,Burabay,Kazakhstan,2024-05-25,2024,27,21,77.8,6,16,76.2,16,5,108,277,,,378,3,1,20.0,18.8,6.87,6,0,25.0,10.1,13.8,10.7,0,0,70.0,4,28.7,197.04,88.89,202.0,,0,0,6,2.4,0.7,0.4,23,23,692.0,124.0,4,204.0,,,,,,0,0,,,,0,0,0
186201,636395,continental_cup,2024 Asia Triathlon Cup Lianyungang,Lianyungang,China,2024-05-18,2024,45,31,68.9,14,24,77.4,24,7,107,187,1563,1376,544,1,1,10.0,4.2,8.64,7,0,31.0,15.0,22.9,19.4,10,5,60.0,1,31.59,272.8,57.18,84.0,,12,8,9,2.8,-0.5,-0.1,30,26,115.0,2.0,1,0.0,,,,,,0,0,,,,0,0,0
183770,630336,world_cup,2024 World Triathlon Cup Huatulco,Huatulco,Mexico,2024-05-18,2024,52,45,86.5,7,36,80.0,36,9,14,40,126,86,184,38,1,100.0,100.0,0.73,4,0,17.0,19.2,19.5,20.4,5,7,81.8,19,7.45,5.45,5.58,,,6,7,9,11.1,1.3,-0.6,31,40,31.0,5.0,3,20.0,,,,,,0,0,,,,0,0,0
183769,630342,world_cup,2024 World Triathlon Cup Samarkand,Samarkand,Uzbekistan,2024-05-18,2024,52,40,76.9,12,35,87.5,35,5,12,88,274,186,411,8,1,60.0,22.9,2.63,6,0,25.0,13.1,22.8,22.5,11,12,90.0,2,23.72,62.34,58.98,319.0,,10,11,4,4.8,1.3,-0.7,33,38,56.0,47.0,12,135.0,,,,,,0,0,,,,0,0,0
184658,630261,continental_cup,2024 Asia Triathlon Cup Taizhou,"Taizhou, Jiangsu Province",China,2024-05-11,2024,58,49,84.5,9,36,73.5,36,13,63,154,395,241,491,10,1,80.0,27.8,3.07,8,0,33.0,12.4,19.8,21.0,7,8,90.0,2,28.78,88.45,94.05,,248.0,7,8,5,2.5,0.4,0.3,46,46,30.0,39.0,2,136.0,,,,,,0,0,,,,0,0,0
183763,627954,wtcs,2024 World Triathlon Championship Series Yokohama,Yokohama,Japan,2024-05-11,2024,60,47,78.3,13,47,100.0,47,0,15,41,135,94,374,42,1,100.0,87.2,1.3,5,0,13.0,15.7,22.2,28.0,8,21,75.0,19,13.36,17.39,58.33,156.0,8.0,7,16,8,11.4,5.1,-1.2,34,47,51.0,17.0,1,0.0,,,,,,0,0,,,,0,0,0
184413,630280,continental_cup,2024 Europe Triathlon Cup Caorle,Caorle,Italy,2024-05-11,2024,71,68,95.8,3,57,83.8,57,11,7,30,85,55,243,43,1,100.0,70.2,0.57,6,0,2.0,21.6,23.0,33.4,9,31,72.7,5,10.29,5.88,36.77,,,10,19,10,4.2,1.4,-0.2,39,61,16.0,1.0,4,12.0,,,,,,0,0,,,,0,0,0
184804,630313,continental_cup,2024 Americas Triathlon Cup Iquique,Iquique,Chile,2024-05-11,2024,27,22,81.5,5,22,100.0,22,0,48,213,,,501,6,1,50.0,27.3,4.88,9,0,0.0,9.0,12.0,12.0,0,0,100.0,6,16.36,79.78,79.78,,,1,1,10,1.3,-0.3,-0.3,22,22,5.0,5.0,1,0.0,,,,,,0,0,,,,0,0,0
184657,630224,continental_cup,2024 Asia Triathlon Cup Subic Bay,Subic Bay,Philippines,2024-05-04,2024,54,51,94.4,3,27,52.9,27,24,13,82,289,207,260,22,1,100.0,81.5,2.03,8,0,11.0,6.6,17.7,16.1,4,2,100.0,6,26.88,54.54,47.89,12.0,141.0,2,2,9,2.5,-0.0,-0.0,36,36,49.0,4.0,1,0.0,,,,,,0,0,,,,0,0,0
184803,630219,continental_cup,2024 Americas Triathlon Cup Calima,Calima,Colombia,2024-05-04,2024,33,33,100.0,0,18,54.5,18,15,87,132,614,482,215,1,1,10.0,5.6,4.96,5,1,52.0,10.1,15.6,11.1,1,0,100.0,8,22.88,113.51,31.24,110.0,465.0,2,2,10,3.9,-0.4,-0.5,33,21,20.0,14.0,6,108.0,,,,,,0,0,,,,0,0,0
184701,630191,continental_cup,2024 Africa Triathlon Cup Yasmine Hammamet,Yasmine Hammamet,Tunisia,2024-05-04,2024,49,45,91.8,4,37,82.2,37,8,40,72,165,93,252,1,1,10.0,2.7,2.51,7,1,0.0,12.5,16.8,20.0,2,8,90.9,1,7.77,19.47,30.26,73.0,82.0,5,5,10,4.9,-0.4,-0.6,37,45,3.0,4.0,10,73.0,,,,,,0,0,,,,0,0,0
184830,630186,world_cup,2024 World Triathlon Cup Chengdu,Chengdu,China,2024-04-29,2024,53,47,88.7,6,42,89.4,42,5,14,51,188,137,429,6,1,50.0,14.3,2.26,5,0,6.0,10.6,17.1,21.7,3,12,100.0,8,20.08,45.46,75.48,100.0,107.0,7,9,5,5.0,0.3,-0.6,40,44,49.0,3.0,13,106.0,,,,,,0,0,,,,0,0,0
184698,630044,continental_cup,2024 Africa Triathlon Cup Blue Bay,Blue Bay,Mauritius,2024-04-27,2024,0,0,,0,0,,,0,,,,,,0,0,,,,0,0,,,,,0,0,,0,,,,,,0,0,0,,,,,,,,,0.0,,,,,,0,0,,,,0,0,0
184656,630035,continental_cup,2024 Asia Triathlon Cup & South Asian Triathlon Championships Pokhara,Pokhara,Nepal,2024-04-27,2024,35,34,97.1,1,9,26.5,9,25,35,318,1004,686,263,1,0,10.0,11.1,2.18,9,1,43.0,6.5,16.6,5.7,2,0,90.0,3,95.82,209.22,84.39,244.0,686.0,0,0,9,0.4,0.0,0.0,31,8,93.0,4.0,1,0.0,,,,,,0,0,,,,0,0,0
184802,630145,continental_cup,2024 Americas Triathlon Cup and South Americas Triathlon Championships La Guaira,La Guaira,Venezuela,2024-04-25,2024,18,15,83.3,3,14,93.3,14,1,24,173,,,496,15,1,100.0,100.0,3.69,7,0,17.0,7.1,8.1,7.5,0,0,91.7,11,20.59,76.01,3.56,,,1,1,10,1.2,-0.5,-0.5,15,15,163.0,2.0,2,5.0,,,,,,0,0,,,,0,0,0
184829,629209,world_cup,2024 World Triathlon Cup Wollongong,Wollongong,Australia,2024-04-20,2024,33,28,84.8,5,27,96.4,27,1,23,49,,,227,10,1,40.0,37.0,6.98,4,0,10.0,14.3,15.0,14.6,1,1,100.0,16,6.63,46.3,39.9,9.0,,1,1,10,4.4,-0.2,-0.2,29,29,17.0,1.0,3,39.0,,,,,,0,0,,,,0,0,0
184801,630030,continental_cup,2024 Americas Triathlon Cup Salinas,Salinas,Ecuador,2024-04-14,2024,23,22,95.7,1,18,81.8,18,4,27,87,,,201,15,1,100.0,83.3,4.89,7,0,8.0,6.9,11.3,9.4,0,0,100.0,15,29.33,143.37,29.62,,,2,2,8,0.9,-0.3,-0.3,22,19,76.0,18.0,1,0.0,,,,,,0,0,,,,0,0,0
184409,629378,continental_cup,2024 Europe Triathlon Cup Melilla,Melilla,Spain,2024-04-14,2024,64,56,87.5,8,46,82.1,46,10,9,37,139,102,243,14,1,90.0,30.4,2.27,5,0,4.0,12.1,21.1,27.3,8,20,72.7,15,10.83,24.58,42.3,128.0,84.0,9,13,7,1.8,-1.1,-2.0,36,48,33.0,2.0,1,0.0,,,,,,0,0,,,,0,0,0
184695,629370,continental_cup,2024 Africa Triathlon Premium Cup Nelson Mandela Bay,Nelson Mandela Bay,South Africa,2024-04-06,2024,10,10,100.0,0,8,80.0,8,2,83,788,,,401,2,1,20.0,25.0,3.13,10,0,5.0,5.4,5.4,4.4,0,0,100.0,3,76.62,239.51,81.57,684.0,,0,0,10,0.0,0.0,0.0,10,10,107.0,27.0,2,81.0,,,,,,0,0,,,,0,0,0
184794,628454,continental_cup,2024 Americas Triathlon Cup Viña del Mar,Viña del Mar,Chile,2024-03-31,2024,37,34,91.9,3,21,61.8,21,13,50,124,649,525,267,17,1,100.0,81.0,4.9,9,0,3.0,8.2,16.7,12.6,2,0,90.0,17,26.34,129.12,51.04,8.0,,1,1,8,0.1,-0.2,-0.2,34,25,116.0,4.0,1,0.0,,,,,,0,0,,,,0,0,0
184828,628547,world_cup,2024 World Triathlon Cup Hong Kong,Hong Kong,Hong Kong China,2024-03-24,2024,62,58,93.5,4,43,74.1,43,15,7,67,136,69,243,14,1,70.0,30.2,1.67,6,0,10.0,19.1,25.6,28.8,11,20,81.8,11,15.44,25.82,24.94,8.0,,10,13,6,5.1,3.8,0.2,37,58,61.0,15.0,3,56.0,,,,,,0,0,,,,0,0,0
186125,636181,continental_cup,2024 Asia Triathlon Cup Hong Kong,Hong Kong,Hong Kong China,2024-03-24,2024,0,0,,0,0,,,0,,,,,,0,0,,,,0,0,,,,,0,0,,0,,,,,,0,0,0,,,,,,,,,0.0,,,,,,0,0,,,,0,0,0
184407,628096,continental_cup,2024 Europe Triathlon Cup Quarteira,Quarteira,Portugal,2024-03-23,2024,70,55,78.6,15,43,78.2,43,12,26,74,211,137,455,15,0,60.0,32.6,0.7,6,0,55.0,17.3,22.9,27.9,10,19,60.0,7,21.53,15.01,75.94,5.0,,7,12,9,6.5,0.8,-0.0,37,50,72.0,32.0,1,0.0,,,,,,0,0,,,,0,0,0
184693,628668,continental_cup,2024 Africa Triathlon Cup Swakopmund,Swakopmund,Namibia,2024-03-23,2024,12,12,100.0,0,10,83.3,10,2,24,261,,,261,1,1,10.0,10.0,2.34,9,1,1.0,6.3,6.5,6.3,0,0,100.0,2,35.87,83.76,78.69,207.0,,0,0,10,0.2,0.0,0.2,12,10,51.0,15.0,3,25.0,,,,,,0,0,,,,0,0,0
186132,636389,continental_cup,2024 Americas Triathlon Cup Barbados,Bridgetown,Barbados,2024-03-17,2024,23,22,95.7,1,15,68.2,15,7,47,146,,,264,11,1,60.0,73.3,4.12,6,0,17.0,9.9,11.1,8.2,0,0,100.0,6,25.89,106.68,24.04,,,1,1,9,0.5,-2.5,-3.7,22,21,94.0,4.0,2,51.0,,,,,,0,0,,,,0,0,0
184793,628441,continental_cup,2024 Americas Triathlon Cup La Paz,La Paz,Mexico,2024-03-16,2024,42,36,85.7,6,21,58.3,21,15,33,128,1090,962,459,12,1,90.0,57.1,5.27,8,0,21.0,10.9,18.9,15.1,5,1,70.0,4,30.88,162.74,92.55,9.0,,6,5,9,0.5,-0.0,0.3,33,21,128.0,12.0,1,0.0,,,,,,0,0,,,,0,0,0
183762,627943,wtcs,2024 World Triathlon Championship Series Abu Dhabi,Abu Dhabi,United Arab Emirates,2024-03-08,2024,0,0,,0,0,,,0,,,,,,0,0,,,,0,0,,,,,0,0,,0,,,,,,0,0,0,,,,,,,,,0.0,,,,,,0,0,,,,0,0,0
184690,628446,continental_cup,2024 Africa Triathlon Cup Maselspoort,Maselspoort,South Africa,2024-03-03,2024,11,10,90.9,1,7,70.0,7,3,72,600,,,207,3,1,30.0,42.9,6.26,10,0,14.0,5.5,5.5,4.0,0,0,100.0,3,21.96,137.36,28.21,412.0,,0,0,10,0.0,0.0,0.0,10,9,196.0,44.0,1,0.0,,,,,,0,0,,,,0,0,0
186124,636014,continental_cup,2024 Asia Triathlon Cup Putrajaya,Putrajaya,Malaysia,2024-02-25,2024,65,62,95.4,3,24,38.7,24,38,53,140,301,161,255,11,1,70.0,37.5,2.44,7,0,0.0,8.1,19.5,16.4,7,4,80.0,5,22.64,55.19,51.91,93.0,106.0,6,3,8,4.6,0.9,2.4,37,29,42.0,7.0,1,0.0,,,,,,0,0,,,,0,0,0
184792,628436,continental_cup,2024 Americas Triathlon Cup La Habana,La Habana,Cuba,2024-02-25,2024,33,23,69.7,10,20,87.0,20,3,13,169,,,471,8,1,60.0,40.0,4.08,7,0,8.0,11.1,17.0,15.9,2,1,70.0,8,30.72,125.3,74.12,151.0,,5,4,8,2.6,-0.1,-0.2,23,20,29.0,4.0,1,0.0,,,,,,0,0,,,,0,0,0
183768,628072,world_cup,2024 World Triathlon Cup Napier,Napier,New Zealand,2024-02-24,2024,42,39,92.9,3,37,94.9,37,2,8,27,110,83,235,21,1,90.0,56.8,1.11,8,0,23.0,12.8,16.1,19.0,3,8,100.0,13,11.36,12.67,29.58,,33.0,4,4,9,3.9,-0.7,-0.8,32,40,26.0,19.0,2,28.0,,,,,,0,0,,,,0,0,0
184685,628397,continental_cup,2024 Africa Triathlon Cup Sharm El Sheikh,Sharm El Sheikh,Egypt,2024-02-23,2024,46,46,100.0,0,23,50.0,23,23,14,86,452,366,255,0,0,0.0,0.0,,0,0,,,,,0,0,,0,,,,,,0,0,0,,,,,,,,,0.0,,,,,,0,0,,,,0,0,0
184683,628381,continental_cup,2024 Africa Triathlon Cup Troutbeck,Troutbeck,Zimbabwe,2024-02-17,2024,7,7,100.0,0,7,100.0,7,0,124,,,,194,1,1,14.3,14.3,8.28,7,1,0.0,3.7,3.7,3.7,0,0,100.0,3,8.85,73.25,73.25,,,0,0,7,-0.4,-0.4,-0.4,7,7,,14.0,4,158.0,,,,,,0,0,,,,0,0,0
184735,628431,continental_cup,2024 Asia Triathlon Cup Port Blair,Port Blair,India,2024-02-17,2024,0,0,,0,0,,,0,,,,,,0,0,,,,0,0,,,,,0,0,,0,,,,,,0,0,0,,,,,,,,,0.0,,,,,,0,0,,,,0,0,0
185035,629346,continental_cup,2024 Oceania Triathlon Cup Wanaka,Wanaka,New Zealand,2024-02-16,2024,46,36,78.3,10,27,75.0,27,9,58,86,249,163,228,2,1,20.0,7.4,2.44,8,0,0.0,10.7,16.2,15.9,2,2,100.0,7,14.37,35.1,33.68,127.0,,4,4,8,1.8,-0.4,-0.1,34,32,23.0,2.0,1,0.0,,,,,,0,0,,,,0,0,0
184790,628673,continental_cup,2024  Americas Triathlon  Cup La Guaira,La Guaira,Venezuela,2024-02-16,2024,19,18,94.7,1,15,83.3,15,3,22,170,,,381,3,0,20.0,20.0,2.69,6,0,18.0,8.9,9.5,8.5,0,0,100.0,10,44.21,118.89,26.98,,,0,0,9,2.6,-0.3,0.3,18,15,163.0,10.0,1,0.0,,,,,,0,0,,,,0,0,0
173329,582954,continental_cup,2023 Africa Triathlon Cup Kilifi,Kilifi,Kenya,2023-11-26,2023,17,16,94.1,1,10,62.5,10,6,25,154,,,154,1,0,10.0,10.0,1.97,10,1,116.0,5.3,8.5,5.3,0,0,100.0,3,261.88,516.68,57.62,208.0,,0,0,8,0.0,0.0,0.0,16,13,364.0,57.0,1,0.0,,,,,,0,0,,,,0,0,0
175443,588010,continental_cup,2023 Asia Triathlon Cup Xiamen,Xiamen,China,2023-11-25,2023,54,43,79.6,11,28,65.1,28,15,211,249,593,344,502,5,1,40.0,17.9,3.69,6,0,18.0,12.6,18.6,16.8,4,2,90.0,1,24.44,90.11,79.03,199.0,,7,5,7,3.4,0.6,0.4,34,31,44.0,31.0,1,0.0,,,,,,0,0,,,,0,0,0
173167,582964,continental_cup,2023 Africa Triathlon Cup Dakhla,Dakhla,Morocco,2023-11-25,2023,0,0,,0,0,,,0,,,,,,0,0,,,,0,0,,,,,0,0,,0,,,,,,0,0,0,,,,,,,,,0.0,,,,,,0,0,,,,0,0,0
173699,582894,continental_cup,2023 Asia Triathlon Cup Hong Kong,Hong Kong,Hong Kong China,2023-11-19,2023,52,43,82.7,9,31,72.1,31,12,24,72,190,118,234,10,1,70.0,32.3,1.48,7,0,7.0,9.1,16.9,17.5,4,5,100.0,11,19.3,28.57,28.48,,,3,4,7,1.0,0.0,-0.3,33,37,34.0,5.0,2,50.0,,,,,,0,0,,,,0,0,0
175441,588005,continental_cup,2023 Asia Triathlon Cup Seoul,Seoul,"Korea, South",2023-11-19,2023,0,0,,0,0,,,0,,,,,,0,0,,,,0,0,,,,,0,0,,0,,,,,,0,0,0,,,,,,,,,0.0,,,,,,0,0,,,,0,0,0
173158,582701,continental_cup,2023 Africa Triathlon Cup Agadir,Agadir,Morocco,2023-11-19,2023,23,18,78.3,5,17,94.4,17,1,51,188,,,503,14,1,100.0,82.4,2.89,9,0,36.0,5.6,10.1,9.5,0,0,90.0,5,31.02,89.6,62.33,,,0,0,9,0.2,-0.3,-0.4,18,18,177.0,39.0,1,0.0,,,,,,0,0,,,,0,0,0
173703,582945,continental_cup,2023 Asia Triathlon Cup Ipoh,Ipoh,Malaysia,2023-11-18,2023,0,0,,0,0,,,0,,,,,,0,0,,,,0,0,,,,,0,0,,0,,,,,,0,0,0,,,,,,,,,0.0,,,,,,0,0,,,,0,0,0
173591,584284,continental_cup,2023 Americas Triathlon Cup Montevideo,Montevideo,Uruguay,2023-11-18,2023,0,0,,0,0,,,0,,,,,,0,0,,,,0,0,,,,,0,0,,0,,,,,,0,0,0,,,,,,,,,0.0,,,,,,0,0,,,,0,0,0
173646,582936,world_cup,2023 World Triathlon Cup Montevideo,Montevideo,Uruguay,2023-11-18,2023,0,0,,0,0,,,0,,,,,,0,0,,,,0,0,,,,,0,0,,0,,,,,,0,0,0,,,,,,,,,0.0,,,,,,0,0,,,,0,0,0
173590,584278,continental_cup,2023 Americas Triathlon Cup Viña del Mar,Viña del Mar,Chile,2023-11-12,2023,61,54,88.5,7,31,57.4,31,23,26,92,239,147,251,3,1,30.0,9.7,2.73,6,0,9.0,9.1,16.3,17.1,3,4,100.0,8,16.25,44.35,45.45,44.0,144.0,5,6,8,1.3,-1.7,-1.9,42,42,51.0,13.0,2,41.0,,,,,,0,0,,,,0,0,0
173645,582921,world_cup,2023 World Triathlon Cup Vina del Mar,Vina del Mar,Chile,2023-11-11,2023,54,52,96.3,2,45,86.5,45,7,11,31,165,134,235,25,1,100.0,55.6,1.67,5,0,42.0,13.5,17.8,24.1,3,14,100.0,6,13.96,23.29,60.73,,70.0,6,8,10,5.5,-0.7,-0.6,51,51,33.0,10.0,1,0.0,,,,,,0,0,,,,0,0,0
183629,624193,continental_cup,2023 Asia Triathlon Cup Kota Kinabalu,Kota Kinabalu,Malaysia,2023-11-11,2023,40,39,97.5,1,17,43.6,17,22,7,92,511,419,246,11,1,100.0,64.7,3.85,10,0,31.0,6.3,16.4,10.2,3,0,90.9,3,28.01,107.97,63.6,,336.0,0,0,8,-0.5,-0.2,0.5,37,20,88.0,1.0,2,9.0,,,,,,0,0,,,,0,0,0
173662,582913,continental_cup,2023 Africa Triathlon Cup Les Berges du Lac - Tunis,Lac Tunis,Tunisia,2023-11-05,2023,32,26,81.3,6,17,65.4,17,9,27,144,,,266,5,1,50.0,29.4,4.95,7,0,15.0,10.1,16.0,12.5,1,0,80.0,1,28.23,139.61,66.63,126.0,,2,2,9,1.3,-0.3,0.0,26,18,14.0,4.0,3,127.0,,,,,,0,0,,,,0,0,0
171980,582899,world_cup,2023 World Triathlon Cup Miyazaki,Miyazaki,Japan,2023-10-28,2023,67,54,80.6,13,48,88.9,48,6,13,45,146,101,491,16,0,70.0,33.3,1.29,7,0,42.0,19.7,26.9,30.5,12,23,70.0,11,22.79,29.41,75.91,,,14,18,7,7.3,2.1,-0.7,32,52,112.0,10.0,1,0.0,,,,,,0,0,,,,0,0,0
172682,578898,continental_cup,2023 Europe Triathlon Cup Yenisehir,"Yenişehir, Mersin",Turkey,2023-10-22,2023,63,52,82.5,11,48,92.3,48,4,6,25,115,90,230,4,0,30.0,8.3,2.25,6,0,17.0,19.3,24.0,27.0,12,21,70.0,8,11.57,25.99,35.99,264.0,55.0,10,14,7,7.2,1.7,-1.0,34,50,16.0,1.0,2,58.0,,,,,,0,0,,,,0,0,0
172821,582889,world_cup,2023 World Triathlon Cup Tongyeong,Tongyeong,"Korea, South",2023-10-21,2023,65,61,93.8,4,50,82.0,50,11,8,31,66,35,208,9,1,60.0,18.0,1.81,8,0,9.0,16.1,24.3,26.7,10,19,72.7,9,10.14,18.37,16.43,39.0,,7,10,4,1.4,3.4,-1.5,36,56,6.0,7.0,12,281.0,,,,,,0,0,,,,0,0,0
175736,589215,world_cup,2023 World Triathlon Cup Brasilia,Brasilia,Brazil,2023-10-15,2023,47,38,80.9,9,28,73.7,28,10,35,112,559,447,514,9,1,60.0,32.1,10.65,7,0,1.0,14.9,20.5,19.2,7,5,76.9,18,9.34,99.52,81.73,48.0,257.0,8,7,9,2.3,-0.2,-0.2,36,36,58.0,7.0,1,0.0,,,,,,0,0,,,,0,0,0
172702,578939,continental_cup,2023 Europe Triathlon Cup Alanya,Alanya,Turkey,2023-10-15,2023,69,65,94.2,4,54,83.1,54,11,3,20,58,38,170,55,1,100.0,100.0,0.4,5,0,38.0,34.1,29.3,28.9,14,25,63.6,10,12.2,4.85,4.65,6.0,,13,18,9,15.4,5.9,-1.3,32,59,17.0,4.0,2,18.0,,,,,,0,0,,,,0,0,0
173644,582879,world_cup,2023 World Triathlon Cup Chengdu,Chengdu,China,2023-10-14,2023,55,49,89.1,6,45,91.8,45,4,6,31,197,166,462,40,1,100.0,86.7,0.83,5,0,18.0,15.5,17.8,24.8,5,17,90.9,2,18.77,15.6,29.44,,6.0,9,14,9,5.6,-0.8,-2.0,33,47,34.0,5.0,1,0.0,,,,,,0,0,,,,0,0,0
172701,578934,continental_cup,2023 Europe Triathlon Cup and Mediterranean Championships Ceuta,Ceuta,Spain,2023-10-08,2023,68,67,98.5,1,60,89.6,60,7,8,34,106,72,250,18,1,60.0,30.0,1.55,4,0,15.0,17.8,19.5,30.9,7,29,90.0,11,11.91,18.45,100.99,5.0,38.0,8,16,8,9.3,0.5,-2.9,40,62,5.0,23.0,4,70.0,,,,,,0,0,,,,0,0,0
173643,582745,world_cup,2023 World Triathlon Cup Rome,Rome,Italy,2023-10-07,2023,59,55,93.2,4,50,90.9,50,5,6,27,119,92,253,21,1,100.0,42.0,1.78,7,0,3.0,19.4,24.3,28.3,11,23,70.0,16,10.91,19.43,52.97,4.0,46.0,13,17,9,2.8,0.6,-0.2,44,52,29.0,,1,6.0,,,,,,0,0,,,,0,0,0
179162,599405,world_cup,2023 World Triathlon Cup Tangier,Tanger,Morocco,2023-10-01,2023,63,55,87.3,8,49,89.1,49,6,23,45,141,96,258,21,1,90.0,42.9,1.97,5,0,19.0,13.9,20.0,26.5,6,20,90.9,5,12.47,24.57,47.8,109.0,,3,7,8,6.0,1.3,-0.8,43,52,9.0,15.0,2,108.0,,,,,,0,0,,,,0,0,0
170132,582708,wtcs,2023 World Triathlon Championship Finals Pontevedra,Pontevedra,Spain,2023-09-22,2023,65,61,93.8,4,61,100.0,61,0,0,55,160,105,432,24,1,90.0,39.3,2.03,6,0,6.0,14.1,21.6,33.3,10,34,90.0,12,14.55,29.59,83.38,,50.0,8,15,7,3.6,1.3,-1.0,48,61,11.0,1.0,3,7.0,,,,,,0,0,,,,0,0,0
173583,584169,continental_cup,2023 Americas Triathlon Cup Manta,"Manta, Ecuador",Ecuador,2023-09-16,2023,32,31,96.9,1,21,67.7,21,10,11,82,811,729,247,13,1,100.0,61.9,5.77,9,0,37.0,7.5,15.1,12.0,0,0,100.0,4,23.37,134.95,25.65,,480.0,1,1,10,-0.1,0.0,0.0,31,26,79.0,6.0,1,0.0,,,,,,0,0,,,,0,0,0
171979,582696,world_cup,2023 World Triathlon Cup Karlovy Vary,Karlovy Vary,Czech Republic,2023-09-10,2023,59,39,66.1,20,33,84.6,33,6,75,164,425,261,505,5,1,40.0,12.1,1.99,7,1,8.0,17.0,23.3,23.4,9,10,70.0,6,29.09,57.8,64.35,,,12,12,7,2.4,0.6,0.6,32,35,129.0,14.0,4,146.0,,,,,,0,0,,,,0,0,0
173697,582691,continental_cup,2023 Asia Triathlon Cup and Central Asian Championships Cholpon-Ata,Cholpon-Ata,Kyrgyzstan,2023-09-09,2023,46,41,89.1,5,19,46.3,19,22,11,112,459,347,264,5,1,40.0,26.3,3.41,8,0,28.0,7.4,16.5,10.6,5,0,100.0,2,35.01,119.38,68.22,81.0,398.0,1,0,9,1.1,-0.0,0.1,35,30,39.0,10.0,3,79.0,,,,,,0,0,,,,0,0,0
173660,582656,continental_cup,2023 Africa Triathlon Cup Monastir,Monastir,Tunisia,2023-09-03,2023,36,33,91.7,3,23,69.7,23,10,25,123,385,262,251,5,1,30.0,21.7,4.18,5,0,8.0,12.2,15.5,13.3,1,0,100.0,8,18.39,76.89,53.72,80.0,283.0,4,4,9,4.1,-0.2,0.8,33,31,41.0,18.0,2,77.0,,,,,,0,0,,,,0,0,0
172820,582218,world_cup,2023 World Triathlon Cup Valencia,Valencia,Spain,2023-09-02,2023,50,38,76.0,12,38,100.0,38,0,16,79,287,208,429,30,1,100.0,76.3,2.73,7,0,16.0,13.6,18.3,22.0,4,10,90.9,7,16.44,44.95,90.27,10.0,155.0,9,10,8,3.6,-0.2,-0.7,36,38,77.0,3.0,1,0.0,,,,,,0,0,,,,0,0,0
179161,599400,world_cup,2023 World Triathlon Cup Weihai,Weihai,China,2023-08-26,2023,45,34,75.6,11,23,67.6,23,11,22,73,580,507,476,19,1,100.0,73.9,6.36,8,0,26.0,15.6,21.0,17.5,8,3,80.0,8,18.73,119.08,95.88,3.0,295.0,9,8,9,0.5,0.0,0.2,30,26,70.0,11.0,1,0.0,,,,,,0,0,,,,0,0,0
173642,582651,world_cup,2023 World Triathlon Cup Bergen,Bergen,Norway,2023-08-26,2023,0,0,,0,0,,,0,,,,,,0,0,,,,0,0,,,,,0,0,,0,,,,,,0,0,0,,,,,,,,,0.0,,,,,,0,0,,,,0,0,0
176636,590996,continental_cup,2023 Americas Triathlon Cup Edmonton,"Edmonton, Kingsmen Park ",Canada,2023-08-26,2023,33,30,90.9,3,21,70.0,21,9,31,99,581,482,232,18,1,100.0,81.0,5.15,6,0,1.0,7.8,16.2,12.0,3,0,92.3,26,17.44,89.82,36.92,8.0,292.0,3,3,8,2.9,-0.3,0.3,30,22,91.0,5.0,1,0.0,,,,,,0,0,,,,0,0,0
173641,582163,world_cup,2023 World Triathlon Cup Yeongdo,Yeongdo,"Korea, South",2023-08-05,2023,52,46,88.5,6,38,82.6,38,8,32,62,147,85,241,11,1,80.0,28.9,3.22,8,0,3.0,10.9,19.2,21.7,8,11,90.0,16,10.18,32.77,39.48,5.0,71.0,7,8,4,3.1,0.8,-0.9,34,38,60.0,1.0,3,68.0,,,,,,0,0,,,,0,0,0
171974,576187,wtcs,2023 World Triathlon Championship Series Sunderland,Sunderland,Great Britain,2023-07-29,2023,56,51,91.1,5,45,88.2,45,6,15,34,98,64,259,36,1,100.0,77.8,2.52,4,0,11.0,22.6,22.6,24.9,9,18,54.5,24,4.37,11.01,57.13,,18.0,13,15,10,7.8,0.8,-0.1,35,49,35.0,9.0,1,0.0,,,,,,0,0,,,,0,0,0
173581,584164,continental_cup,2023 Americas Triathlon Cup Long Beach,Long Beach,United States,2023-07-15,2023,60,50,83.3,10,40,80.0,40,10,7,45,124,79,259,38,1,100.0,95.0,0.44,3,0,38.0,26.8,20.2,22.2,6,11,72.7,17,9.95,4.41,31.36,6.0,12.0,10,13,9,13.2,2.7,-0.9,34,47,43.0,4.0,1,0.0,,,,,,0,0,,,,0,0,0
168484,582516,wtcs,2023 World Triathlon Sprint & Relay Championships Hamburg,Hamburg,Germany,2023-07-15,2023,60,59,98.3,1,55,93.2,57,4,2,26,20,-6,93,54,1,100.0,92.7,2.8,6,0,14.0,17.8,27.8,28.7,13,23,50.0,16,6.21,17.4,12.75,,,9,14,7,5.1,9.2,-0.7,59,57,22.0,1.0,3,11.0,,,,,,0,0,,,,0,0,0
173155,582205,continental_cup,2023 Africa Triathlon Premium Cup Larache,Larache,Morocco,2023-07-09,2023,38,36,94.7,2,26,72.2,26,10,34,92,413,321,262,12,1,90.0,42.3,2.51,8,0,7.0,9.7,17.3,16.4,5,3,100.0,13,24.79,62.27,36.92,8.0,225.0,4,4,8,1.9,0.8,0.8,34,34,20.0,7.0,1,0.0,,,,,,0,0,,,,0,0,0
172819,582173,world_cup,2023 World Triathlon Cup Tiszaujvaros,Tiszaujvaros,Hungary,2023-07-08,2023,67,64,95.5,3,55,85.9,55,9,14,45,,,247,6,0,0.0,10.9,1.52,3,0,4.0,15.5,21.1,29.7,9,27,81.8,13,12.0,18.23,30.42,,76.0,5,16,9,10.0,4.7,-1.9,39,60,0.0,4.0,2,74.0,,,,,,0,0,,,,0,0,0
173580,589254,continental_cup,2023 Americas Triathlon Cup Montreal,Montreal,Canada,2023-07-08,2023,46,43,93.5,3,40,93.0,40,3,5,37,129,92,242,39,1,100.0,95.0,0.35,6,0,49.0,16.6,20.2,21.5,7,12,70.0,8,15.53,5.48,35.6,,,9,9,10,7.6,1.3,-1.0,33,43,44.0,9.0,1,0.0,,,,,,0,0,,,,0,0,0
172693,578929,continental_cup,2023 Europe Triathlon Premium Cup Holten,Holten,Netherlands,2023-07-01,2023,66,63,95.5,3,52,82.5,52,11,24,38,106,68,254,19,1,70.0,34.6,2.02,5,0,15.0,18.8,23.2,28.4,12,25,91.7,5,13.88,28.1,36.22,,,8,13,6,8.7,1.6,-0.1,47,58,12.0,13.0,4,69.0,,,,,,0,0,,,,0,0,0
173696,582200,continental_cup,2023 Asia Triathlon Cup Sejong,Sejong Lake Park,"Korea, South",2023-07-01,2023,52,49,94.2,3,26,53.1,26,23,20,152,293,141,251,10,1,100.0,38.5,3.57,10,0,8.0,6.9,17.9,15.8,4,2,90.0,17,13.95,49.8,47.43,,,3,3,7,-0.2,0.7,0.7,33,27,145.0,15.0,1,0.0,,,,,,0,0,,,,0,0,0
172690,578924,continental_cup,2023 Europe Triathlon Cup Wels,Wels,Austria,2023-06-24,2023,67,61,91.0,6,48,78.7,48,13,8,38,99,61,224,44,1,100.0,87.5,0.54,5,0,24.0,28.5,26.9,27.3,11,21,72.7,8,15.01,8.1,39.05,,14.0,11,13,9,8.5,2.9,-0.5,39,54,37.0,19.0,3,31.0,,,,,,0,0,,,,0,0,0
174958,586465,wtcs,2023 World Triathlon Championship Series Montreal,Montreal,Canada,2023-06-24,2023,55,51,92.7,4,46,90.2,46,5,15,32,119,87,248,35,1,100.0,71.7,0.95,7,0,0.0,24.3,23.4,25.9,10,20,60.0,16,10.1,9.56,41.37,,,11,13,10,4.2,0.8,-0.9,37,51,32.0,6.0,1,0.0,,,,,,0,0,,,,0,0,0
171978,582298,world_cup,2023 World Triathlon Cup Huatulco,Huatulco,Mexico,2023-06-17,2023,64,58,90.6,6,50,86.2,50,8,4,38,111,73,256,30,1,100.0,60.0,2.47,4,0,3.0,13.4,17.9,27.6,4,21,100.0,19,8.39,20.75,33.06,,68.0,5,11,9,6.2,0.8,-0.8,39,51,36.0,1.0,1,0.0,,,,,,0,0,,,,0,0,0
172688,578919,continental_cup,2023 Europe Triathlon Cup Kitzbühel,Kitzbühel,Austria,2023-06-17,2023,70,66,94.3,4,58,87.9,58,8,8,37,109,72,238,33,1,100.0,56.9,2.05,6,0,17.0,17.9,23.1,29.6,8,28,50.0,9,9.94,20.32,28.27,,16.0,9,15,9,3.3,3.8,-1.5,38,64,42.0,5.0,1,0.0,,,,,,0,0,,,,0,0,0
173577,591584,continental_cup,2023 Americas Triathlon Cup Chinchiná,Chinchiná,Colombia,2023-06-11,2023,44,41,93.2,3,18,43.9,18,23,17,142,488,346,283,7,1,70.0,38.9,4.53,9,0,44.0,11.1,18.7,12.8,6,0,90.0,2,20.97,95.0,56.5,78.0,260.0,4,3,8,0.4,1.3,0.4,32,23,134.0,4.0,1,0.0,,,,,,0,0,,,,0,0,0
175439,588000,continental_cup,2023 Asia Triathlon Cup Lianyungang,Lianyungang,China,2023-06-10,2023,26,23,88.5,3,17,73.9,17,6,10,180,,,549,2,0,10.0,5.9,3.79,9,0,11.0,12.2,14.2,13.2,0,0,72.7,16,93.4,353.91,58.79,12.0,,3,3,10,0.3,-0.2,0.1,23,18,111.0,3.0,1,0.0,,,,,,0,0,,,,0,0,0
172687,578913,continental_cup,2023 Europe Triathlon Cup Rzeszów,Rzeszów,Poland,2023-06-10,2023,62,47,75.8,15,44,93.6,44,3,46,106,284,178,496,12,1,70.0,25.0,3.41,7,0,39.0,15.9,20.2,23.9,7,16,80.0,7,21.69,74.0,96.87,7.0,,4,5,5,4.1,1.5,-0.8,38,45,102.0,22.0,6,154.0,,,,,,0,0,,,,0,0,0
173693,582114,continental_cup,2023 Asia Triathlon Cup and Central Asian Championships Samarkand,Samarkand,Uzbekistan,2023-06-10,2023,24,20,83.3,4,15,75.0,15,5,102,333,,,489,4,1,40.0,26.7,2.22,9,0,29.0,7.8,11.8,9.9,0,0,90.0,2,70.14,155.49,107.94,,,0,0,8,0.4,-0.2,-0.3,20,19,191.0,76.0,3,287.0,,,,,,0,0,,,,0,0,0
173692,582275,continental_cup,2023 Asia Triathlon Cup Osaka,Osaka,Japan,2023-05-28,2023,60,51,85.0,9,40,78.4,40,11,29,87,185,98,236,10,1,90.0,25.0,2.32,9,0,17.0,7.8,21.1,23.7,8,13,80.0,6,19.97,46.33,44.13,84.0,117.0,4,9,3,0.2,2.0,-0.0,36,43,84.0,4.0,2,87.0,,,,,,0,0,,,,0,0,0
172685,578908,continental_cup,2023 Europe Triathlon Cup Olsztyn,Olsztyn,Poland,2023-05-27,2023,70,66,94.3,4,58,87.9,58,8,2,31,110,79,250,28,1,80.0,46.6,1.65,5,0,19.0,17.4,24.8,29.8,12,26,90.0,1,15.48,25.57,38.12,,64.0,10,19,8,2.4,-0.3,-3.2,40,59,21.0,18.0,4,72.0,,,,,,0,0,,,,0,0,0
175560,588374,continental_cup,2023 Oceania Triathlon Cup and Championships Port Douglas,Port Douglas,Australia,2023-05-27,2023,36,30,83.3,6,26,86.7,26,4,23,97,609,512,487,14,1,90.0,53.8,4.1,7,0,19.0,8.7,16.0,14.8,2,1,100.0,9,26.29,107.77,99.57,5.0,305.0,2,2,8,2.0,-0.7,-0.0,30,28,93.0,10.0,1,0.0,,,,,,0,0,,,,0,0,0
173656,582168,continental_cup,2023 Africa Triathlon Cup Yasmine Hammamet,Yasmine Hammamet,Tunisia,2023-05-27,2023,36,34,94.4,2,26,76.5,26,8,24,115,418,303,253,10,1,90.0,34.6,4.49,9,1,6.0,6.6,16.8,16.7,4,4,100.0,14,13.43,60.34,46.7,,112.0,4,4,6,-0.3,-0.5,0.5,34,27,112.0,14.0,2,89.0,,,,,,0,0,,,,0,0,0
174957,586471,wtcs,2023 World Triathlon Championship Series Cagliari,Cagliari,Italy,2023-05-27,2023,55,45,81.8,10,42,93.3,42,3,36,96,201,105,418,24,1,100.0,54.8,3.33,7,0,15.0,15.8,23.4,24.3,10,16,66.7,14,10.32,34.43,48.65,,71.0,10,13,5,3.9,4.6,-0.6,34,45,99.0,4.0,1,0.0,,,,,,0,0,,,,0,0,0
175437,587995,continental_cup,2023 Asia Triathlon Cup Taizhou,Taizhou,China,2023-05-20,2023,38,36,94.7,2,32,88.9,32,4,140,218,479,261,500,2,1,20.0,6.3,2.13,5,0,9.0,18.8,17.4,17.2,4,4,90.0,7,24.37,51.89,50.3,183.0,193.0,8,8,9,4.7,0.4,-0.1,30,33,38.0,16.0,6,185.0,,,,,,0,0,,,,0,0,0
173573,582187,continental_cup,2023 Americas Triathlon Cup Ixtapa,Ixtapa,Mexico,2023-05-20,2023,59,54,91.5,5,25,46.3,25,29,7,100,328,228,269,15,1,100.0,60.0,3.41,9,0,10.0,9.6,19.0,17.8,8,6,90.0,11,18.4,62.71,59.26,9.0,146.0,4,4,9,0.4,0.2,0.5,39,27,97.0,1.0,2,11.0,,,,,,0,0,,,,0,0,0
173150,580564,continental_cup,2023 Africa Triathlon Cup Sharm El Sheikh,Sharm El Sheikh ,Egypt,2023-05-19,2023,48,41,85.4,7,28,68.3,28,13,34,65,349,284,248,0,0,0.0,0.0,,0,0,,,,,0,0,,0,,,,,,0,0,0,,,,,,,,,0.0,,,,,,0,0,,,,0,0,0
173148,580559,continental_cup,2023 Africa Triathlon Cup M'Diq,M'Diq,Morocco,2023-05-14,2023,50,41,82.0,9,37,90.2,37,4,38,108,311,203,522,1,0,0.0,2.7,2.41,7,1,14.0,10.2,17.8,20.4,5,9,90.0,10,17.74,42.73,65.03,38.0,,4,5,7,3.1,0.2,-0.3,34,38,111.0,6.0,1,0.0,,,,,,0,0,,,,0,0,0
171972,576164,wtcs,2023 World Triathlon Championship Series Yokohama,Yokohama,Japan,2023-05-13,2023,60,49,81.7,11,48,98.0,48,1,5,48,187,139,486,38,1,100.0,79.2,0.32,6,0,15.0,21.3,21.2,28.1,9,21,81.8,18,11.79,3.82,59.84,,13.0,12,18,10,5.6,-0.5,-0.9,37,49,40.0,5.0,3,13.0,,,,,,0,0,,,,0,0,0
173572,582178,continental_cup,2023 Americas Triathlon Cup and Central America and Caribbean Championships Punta Cana,Punta Cana,Dominican Republic,2023-05-13,2023,51,47,92.2,4,27,57.4,27,20,25,74,264,190,223,16,1,100.0,59.3,2.29,8,0,23.0,8.9,16.6,15.6,3,2,92.3,3,18.13,41.5,40.4,6.0,94.0,3,3,8,1.0,-0.7,-0.5,33,33,75.0,7.0,1,0.0,,,,,,0,0,,,,0,0,0
172683,578903,continental_cup,2023 Europe Triathlon Cup Caorle,Caorle,Italy,2023-05-13,2023,71,68,95.8,3,58,85.3,58,10,3,48,111,63,224,8,1,80.0,13.8,2.86,9,0,3.0,10.2,21.9,32.7,10,31,90.9,17,10.42,29.78,38.22,56.0,63.0,7,14,6,0.0,1.8,-0.7,44,67,0.0,4.0,2,58.0,,,,,,0,0,,,,0,0,0
173569,582099,continental_cup,2023 Americas Triathlon Cup and South American Championships Lima,Lima,Peru,2023-04-29,2023,50,44,88.0,6,30,68.2,30,14,31,75,233,158,233,4,0,10.0,3.3,4.14,6,1,0.0,4.7,14.9,14.9,1,1,100.0,15,9.33,38.64,38.64,87.0,,2,2,9,3.0,-0.0,-0.0,34,34,19.0,1.0,3,93.0,,,,,,0,0,,,,0,0,0
173673,582050,continental_cup,2023 Oceania Triathlon Cup Busselton,Busselton,Australia,2023-04-28,2023,23,23,100.0,0,19,82.6,20,4,4,41,,,76,8,0,20.0,42.1,3.23,5,0,12.0,10.0,11.6,10.5,0,0,100.0,10,8.39,27.13,14.96,25.0,,0,0,9,5.6,-0.3,-0.5,23,20,36.0,5.0,1,0.0,,,,,,0,0,,,,0,0,0
172818,580455,world_cup,2023 World Triathlon Cup Busselton,Busselton,Australia,2023-04-28,2023,0,0,,0,0,,,0,,,,,,0,0,,,,0,0,,,,,0,0,,0,,,,,,0,0,0,,,,,,,,,0.0,,,,,,0,0,,,,0,0,0
173690,582094,continental_cup,2023 Asia Triathlon Cup Subic Bay,Subic Bay,Philippines,2023-04-23,2023,60,57,95.0,3,34,59.6,34,23,18,55,197,142,245,25,1,100.0,73.5,3.02,7,0,6.0,11.4,18.5,19.1,5,6,100.0,10,10.47,31.69,40.45,8.0,,4,4,9,2.5,-0.2,0.6,42,42,42.0,6.0,1,0.0,,,,,,0,0,,,,0,0,0
173568,582158,continental_cup,2023 Americas Triathlon Cup Salinas,"Salinas, Ecuador",Ecuador,2023-04-23,2023,44,34,77.3,10,27,79.4,34,7,52,92,301,209,256,2,1,20.0,7.4,3.05,7,0,4.0,10.9,16.7,15.0,5,2,90.9,2,21.07,64.34,53.91,59.0,,2,2,8,1.6,0.1,-0.1,33,34,30.0,34.0,3,54.0,,,,,,0,0,,,,0,0,0
173147,580450,continental_cup,2023 Africa Triathlon Cup Accra,Accra,Ghana,2023-04-23,2023,0,0,,0,0,,,0,,,,,,0,0,,,,0,0,,,,,0,0,,0,,,,,,0,0,0,,,,,,,,,0.0,,,,,,0,0,,,,0,0,0
173566,582072,continental_cup,2023 Americas Triathlon Cup St. Peters Missouri,St. Peters Missouri,United States,2023-04-15,2023,38,38,100.0,0,25,65.8,25,13,34,93,375,282,243,7,1,70.0,28.0,2.72,8,0,3.0,8.7,16.1,14.4,2,0,100.0,17,25.51,69.42,42.9,,,0,0,8,0.5,0.4,0.9,36,31,33.0,13.0,1,0.0,,,,,,0,0,,,,0,0,0
175434,587971,continental_cup,2023 Asia Triathlon Cup Dexing,Dexing,China,2023-04-08,2023,38,33,86.8,5,24,72.7,24,9,13,102,855,753,490,17,1,100.0,66.7,3.97,9,0,33.0,12.5,17.0,14.5,4,0,100.0,9,34.96,138.76,73.54,6.0,395.0,5,5,10,0.2,-0.4,-0.4,32,27,101.0,,1,6.0,,,,,,0,0,,,,0,0,0
173145,580442,continental_cup,2023 Africa Triathlon Cup Troutbeck,Troutbeck,Zimbabwe,2023-04-01,2023,21,19,90.5,2,8,42.1,8,11,72,317,,,228,4,1,40.0,50.0,5.53,10,0,4.0,6.6,11.0,6.0,0,0,90.0,3,30.0,165.91,51.07,,,0,0,8,-0.2,0.2,-0.1,20,12,114.0,29.0,1,0.0,,,,,,0,0,,,,0,0,0
173687,582130,continental_cup,2023 Asia Triathlon Cup and South Asian Championships Pokhara,Pokhara,Nepal,2023-04-01,2023,42,41,97.6,1,10,24.4,10,31,6,245,1073,828,245,0,0,0.0,0.0,2.35,3,0,,3.0,13.6,3.0,1,0,100.0,4,90.56,212.37,59.2,,,0,0,9,-4.3,-5.7,-4.3,31,11,75.0,1.0,2,0.0,,,,,,0,0,,,,0,0,0
172677,578890,continental_cup,2023 Europe Triathlon Cup Quarteira,Quarteira,Portugal,2023-03-25,2023,70,59,84.3,11,55,93.2,55,4,5,46,183,137,499,19,1,80.0,34.5,1.47,6,0,16.0,10.7,19.7,32.3,8,27,100.0,9,18.5,27.18,107.57,148.0,32.0,8,17,7,3.9,0.0,-0.7,50,56,47.0,34.0,6,276.0,,,,,,0,0,,,,0,0,0
173141,580332,continental_cup,2023 Africa Triathlon Cup Swakopmund,Swakopmund,Namibia,2023-03-25,2023,33,31,93.9,2,17,54.8,17,14,31,110,498,388,163,7,1,60.0,35.3,1.09,8,0,17.0,9.2,16.7,11.2,2,0,90.0,9,99.58,108.88,67.67,67.0,,2,2,7,0.6,-1.4,-0.9,30,19,8.0,8.0,2,118.0,,,,,,0,0,,,,0,0,0
171977,580434,world_cup,2023 World Triathlon Cup New Plymouth,New Plymouth,New Zealand,2023-03-25,2023,58,57,98.3,1,47,82.5,47,10,35,88,138,50,259,9,1,80.0,19.1,2.29,8,0,20.0,12.9,23.6,27.6,10,20,70.0,9,15.16,34.72,45.84,,,13,19,4,0.9,1.9,-0.3,41,52,14.0,1.0,1,0.0,,,,,,0,0,,,,0,0,0
173143,580427,continental_cup,2023 Africa Triathlon Premium Cup Nelson Mandela Bay,Mandala Bay,South Africa,2023-03-19,2023,34,29,85.3,5,26,89.7,26,3,39,158,,,470,8,1,70.0,30.8,4.4,8,0,0.0,8.4,16.6,14.9,2,0,80.0,10,29.7,130.66,79.6,167.0,,1,1,7,1.1,-0.3,-0.3,29,28,15.0,37.0,4,167.0,,,,,,0,0,,,,0,0,0
172679,578885,continental_cup,2023 Europe Triathlon Cup Melilla,Melilla,Spain,2023-03-19,2023,63,55,87.3,8,44,80.0,44,11,10,53,123,70,225,34,1,100.0,72.7,1.3,5,0,0.0,24.0,25.6,28.8,11,21,70.0,14,11.3,14.68,33.33,,,13,15,9,6.3,0.8,0.1,36,52,44.0,5.0,1,0.0,,,,,,0,0,,,,0,0,0
173672,582045,continental_cup,2023 Oceania Triathlon Cup and Sprint Championships Devonport,Devonport,Australia,2023-03-18,2023,44,44,100.0,0,36,81.8,36,8,23,64,205,141,245,24,1,90.0,66.7,2.73,9,0,12.0,11.9,16.8,19.5,4,8,90.0,13,12.25,33.42,49.38,15.0,111.0,7,8,8,-0.8,-0.8,-1.2,38,42,78.0,15.0,1,0.0,,,,,,0,0,,,,0,0,0
177640,594345,continental_cup,2023 Oceania Triathlon Cup Devonport,devonport,Australia,2023-03-18,2023,44,44,100.0,0,36,81.8,36,8,23,64,205,141,245,24,1,90.0,66.7,2.73,9,0,12.0,11.9,16.8,19.5,4,8,90.0,13,12.25,33.42,49.38,15.0,111.0,7,8,8,-0.8,-0.8,-1.2,38,42,78.0,15.0,1,0.0,,,,,,0,0,,,,0,0,0
173564,582035,continental_cup,2023 Americas Triathlon Cup Pucón,Pucón,Chile,2023-03-12,2023,60,47,78.3,13,37,78.7,37,10,6,56,189,133,246,3,0,10.0,8.1,2.58,3,0,27.0,11.0,21.7,23.1,9,12,90.0,6,24.49,63.07,66.61,59.0,143.0,8,9,6,12.3,3.5,1.4,35,36,75.0,18.0,4,181.0,,,,,,0,0,,,,0,0,0
173561,582002,continental_cup,2023 Americas Triathlon Cup Sarasota,Sarasota,United States,2023-03-11,2023,51,48,94.1,3,30,62.5,30,18,19,81,242,161,242,15,1,100.0,43.3,1.34,7,0,41.0,7.4,20.1,20.1,6,6,90.0,4,23.99,32.25,32.25,7.0,69.0,8,8,8,2.4,1.2,1.2,39,39,83.0,10.0,1,0.0,,,,,,0,0,,,,0,0,0
173560,581989,continental_cup,2023 Americas Triathlon Cup and South American Championships Villarrica,"Villarica, chile",Chile,2023-03-05,2023,41,24,58.5,17,23,95.8,23,1,60,159,,,403,2,1,20.0,8.7,4.28,5,0,3.0,14.3,16.8,16.1,4,3,90.0,4,28.05,120.01,72.7,124.0,,5,5,9,3.6,-0.5,-0.5,23,22,36.0,,7,127.0,,,,,,0,0,,,,0,0,0
173559,581986,continental_cup,2023 Americas Triathlon Cup La Paz,La Paz,Mexico,2023-03-04,2023,35,32,91.4,3,19,59.4,19,13,22,200,1277,1077,530,3,1,30.0,15.8,3.13,8,0,0.0,8.0,16.8,14.2,3,0,90.0,5,82.59,258.27,121.72,110.0,804.0,6,5,6,0.5,0.0,0.8,32,23,88.0,8.0,8,309.0,,,,,,0,0,,,,0,0,0
173640,581953,wtcs,2023 World Triathlon Championship Series Abu Dhabi,Abu Dhabi,United Arab Emirates,2023-03-03,2023,61,56,91.8,5,52,92.9,52,4,13,31,66,35,224,50,1,100.0,92.3,0.23,5,0,23.0,31.7,27.2,27.8,15,24,63.6,9,11.71,2.69,30.39,,,14,16,9,12.2,3.2,-1.3,33,54,31.0,6.0,1,0.0,,,,,,0,0,,,,0,0,0
173558,581948,continental_cup,2023 Americas Triathlon Cup La Habana,La Habana,Cuba,2023-02-26,2023,35,31,88.6,4,26,83.9,26,5,6,94,650,556,486,11,1,90.0,42.3,2.79,8,0,12.0,7.0,15.9,14.9,1,0,91.7,13,36.16,100.82,103.16,9.0,569.0,2,1,7,0.9,-0.8,1.0,29,27,89.0,7.0,4,206.0,,,,,,0,0,,,,0,0,0
173139,580324,continental_cup,2023 Africa Triathlon Cup Maselspoort,Maselspoort,South Africa,2023-02-26,2023,22,21,95.5,1,11,52.4,11,10,18,210,,,240,5,0,50.0,45.5,5.47,9,0,0.0,5.8,10.9,6.4,0,0,100.0,9,40.42,220.94,55.9,98.0,,0,0,9,0.2,0.0,0.2,21,12,93.0,15.0,1,0.0,,,,,,0,0,,,,0,0,0
173669,581943,continental_cup,2023 Oceania Triathlon Cup Taupo,Taupo,New Zealand,2023-02-25,2023,46,42,91.3,4,31,73.8,31,11,4,64,210,146,240,14,1,90.0,45.2,0.05,8,0,12.0,10.6,17.7,18.2,4,5,90.0,11,517.86,24.81,24.79,5.0,,5,6,8,1.6,-0.4,-0.7,32,34,71.0,5.0,1,0.0,,,,,,0,0,,,,0,0,0
173917,583083,continental_cup,2023 Asia Triathlon Cup Hong Kong,"Plover Cove, Hong Kong",Hong Kong China,2023-02-25,2023,50,50,100.0,0,29,58.0,29,21,6,37,277,240,264,26,1,100.0,89.7,3.89,8,0,11.0,15.2,16.6,16.0,3,2,100.0,19,15.4,59.92,51.39,,159.0,8,8,10,1.8,0.1,-0.1,29,29,35.0,4.0,1,0.0,,,,,,0,0,,,,0,0,0
173667,581929,continental_cup,2023 Oceania Triathlon Cup Wanaka,Wanaka,New Zealand,2023-02-17,2023,44,38,86.4,6,32,84.2,32,6,2,49,164,115,208,9,0,60.0,28.1,2.61,6,0,11.0,12.7,19.8,20.0,7,8,61.5,23,9.46,24.71,24.53,28.0,63.0,9,9,7,1.4,0.2,-0.2,34,36,48.0,30.0,1,0.0,,,,,,0,0,,,,0,0,0
173556,581924,continental_cup,2023 Americas Triathlon Cup La Guaira,La Guaira,Venezuela,2023-02-11,2023,15,13,86.7,2,10,76.9,10,3,97,510,,,510,8,1,80.0,80.0,10.15,9,0,50.0,5.6,7.0,5.6,0,0,100.0,2,60.21,611.33,681.78,424.0,,0,0,9,0.3,0.0,0.3,13,11,160.0,82.0,1,0.0,,,,,,0,0,,,,0,0,0